date,close,high,low,trade_count,open,volume,vwap,tic
2025-01-02,584.64,591.13,580.5,603951,589.39,50203975,585.069059,SPY
2025-01-03,591.95,592.6,586.43,427267,587.53,37888459,590.3249,SPY
2025-01-06,595.36,599.7,593.6,468834,596.27,47679442,596.616783,SPY
2025-01-07,588.63,597.75,586.78,489809,597.42,60393052,591.010705,SPY
2025-01-08,589.49,590.5799,585.195,432460,588.7,47304672,588.281771,SPY
2025-01-10,580.49,585.95,578.55,720924,585.88,73105046,581.355095,SPY
2025-01-13,581.39,581.75,575.35,505933,575.77,47910060,578.886779,SPY
2025-01-14,582.19,585.0,578.35,473554,584.36,48420580,581.845057,SPY
2025-01-15,592.78,593.94,589.195,488787,590.325,56900159,592.171696,SPY
2025-01-16,591.64,594.35,590.93,409217,594.175,44319662,592.628159,SPY
2025-01-17,597.58,599.36,595.61,420955,596.96,58070628,597.811044,SPY
2025-01-21,603.05,603.06,598.67,429380,600.67,42532853,601.650228,SPY
2025-01-22,606.44,607.82,605.36,367155,605.92,48195973,606.756402,SPY
2025-01-23,609.75,609.75,605.52,330491,605.8,41152102,607.610365,SPY
2025-01-24,607.97,610.78,606.8,360925,609.81,34604693,608.544314,SPY
2025-01-27,599.37,599.69,594.64,685466,594.81,70361125,597.680869,SPY
2025-01-28,604.52,605.37,597.25,419856,600.62,44433322,602.91773,SPY
2025-01-29,601.81,604.13,599.22,426224,603.72,37177429,601.975438,SPY
2025-01-30,605.04,606.6,600.715,419933,603.96,39281255,604.043298,SPY
2025-01-31,601.82,609.96,601.05,591698,607.5,66671471,604.912328,SPY
2025-02-03,597.77,600.29,590.49,730460,592.67,65713364,596.422957,SPY
2025-02-04,601.78,602.3,597.28,377667,597.83,33024773,600.835606,SPY
2025-02-05,604.22,604.37,598.58,358145,600.64,30653149,602.220255,SPY
2025-02-06,606.32,606.4525,602.63,351828,605.99,35771503,605.227961,SPY
2025-02-07,600.77,608.13,600.05,554348,606.89,50188662,602.782187,SPY
2025-02-10,604.85,605.4999,602.74,393593,604.03,26023524,604.488606,SPY
2025-02-11,605.31,605.86,602.43,408321,602.55,30056740,604.533431,SPY
2025-02-12,603.36,604.55,598.51,435863,599.2,45076076,602.334147,SPY
2025-02-13,609.73,609.94,603.2,426318,604.48,40921297,607.637911,SPY
2025-02-14,609.7,610.99,609.07,330615,609.94,26910448,610.09029,SPY
2025-02-18,611.49,611.49,608.38,364168,610.88,26749030,610.093495,SPY
2025-02-19,612.93,613.23,609.56,332869,610.08,30898690,611.742949,SPY
2025-02-20,610.38,611.684,607.02,388456,611.54,36554002,609.150979,SPY
2025-02-21,599.94,610.3,599.47,628050,610.16,76519818,603.120085,SPY
2025-02-24,597.21,603.03,596.49,600743,602.02,50737213,599.090526,SPY
2025-02-25,594.24,597.89,589.56,712191,597.15,58266472,593.758989,SPY
2025-02-26,594.54,599.58,591.8556,638726,595.93,43321578,595.672363,SPY
2025-02-27,585.05,598.02,584.65,758876,596.85,74196664,590.542146,SPY
2025-02-28,594.18,594.72,582.44,780013,585.56,88744106,588.014097,SPY
2025-03-03,583.77,597.34,579.9,839118,596.18,74249199,587.81397,SPY
2025-03-04,576.86,585.39,572.25,1056746,579.71,109648212,577.6331,SPY
2025-03-05,583.06,584.88,573.0795,809705,576.69,71230528,579.701888,SPY
2025-03-06,572.71,580.1736,570.12,869697,575.48,80094868,573.975112,SPY
2025-03-07,575.92,577.39,565.63,874097,570.9,81158816,572.364681,SPY
2025-03-10,560.58,569.54,555.59,1007965,567.59,99326624,562.241565,SPY
2025-03-11,555.92,564.02,552.02,935563,559.4,88102109,557.643391,SPY
2025-03-12,558.87,563.11,553.69,687059,562.17,69601767,559.298809,SPY
2025-03-13,551.42,559.105,549.68,747045,558.49,74079414,553.130515,SPY
2025-03-14,562.81,563.83,551.4917,616222,556.11,62660321,560.667919,SPY
2025-03-17,567.15,569.71,562.35,538126,562.79,49008709,566.424219,SPY
2025-03-18,561.02,565.02,559.06,572401,564.8,66041422,561.020757,SPY
2025-03-19,567.13,570.95,561.63,584796,562.83,66554250,566.278613,SPY
2025-03-20,565.49,570.57,562.6012,540297,563.33,62958195,566.435479,SPY
2025-03-21,563.98,564.89,558.03,559082,559.28,83762964,561.935782,SPY
2025-03-24,574.08,575.15,570.2,506258,570.8,58766795,573.338171,SPY
2025-03-25,575.46,576.41,573.69,389951,575.3,38355735,574.940837,SPY
2025-03-26,568.59,576.33,567.19,501105,575.19,52228898,570.477594,SPY
2025-03-27,567.08,570.9,564.94,456704,567.18,42164248,568.178087,SPY
2025-03-28,555.66,566.2675,555.07,650391,565.53,71662653,557.984313,SPY
2025-03-31,559.39,560.7112,546.87,754583,549.83,95328113,555.357314,SPY
2025-04-01,560.97,562.94,553.68,603801,557.45,54609641,558.976061,SPY
2025-04-02,564.52,567.42,554.81,686536,555.05,76014544,562.888146,SPY
2025-04-03,536.7,547.97,536.7,1198725,545.11,125985998,541.675349,SPY
2025-04-04,505.28,525.87,505.06,1957407,523.67,217962675,513.476423,SPY
2025-04-07,504.38,523.17,481.8,2517692,489.19,256611355,501.2808,SPY
2025-04-08,496.48,524.98,489.16,1708494,521.86,165794399,507.249518,SPY
2025-04-09,548.62,548.62,493.05,2298809,493.44,241835081,523.427405,SPY
2025-04-10,524.58,533.495,509.32,1754794,532.17,162331225,522.984816,SPY
2025-04-11,533.94,536.43,520.07,1019118,523.01,97866334,529.421297,SPY
2025-04-14,539.12,544.28,533.86,752545,544.05,68033993,539.680399,SPY
2025-04-15,537.61,543.23,536.81,547009,539.675,56892874,539.499642,SPY
2025-04-16,525.66,537.8854,520.29,770794,531.68,83484814,527.333639,SPY
2025-04-17,526.41,531.165,523.91,633834,527.64,79866673,527.758866,SPY
2025-04-21,513.88,521.7,508.46,715706,521.16,69368129,512.893584,SPY
2025-04-22,527.25,529.305,519.1925,712400,520.14,75948017,525.101409,SPY
2025-04-23,535.42,545.43,533.88,885537,540.43,90590658,539.263374,SPY
2025-04-24,546.69,547.43,535.4504,580937,536.715,64150418,543.868005,SPY
2025-04-25,550.64,551.05,543.69,562252,546.65,61119590,548.286989,SPY
2025-04-28,550.85,553.55,545.02,472025,551.39,47613755,549.56739,SPY
2025-04-29,554.32,555.45,548.55,474829,548.91,47775121,553.036602,SPY
2025-04-30,554.54,556.52,541.52,707090,547.57,93101463,549.757618,SPY
2025-05-01,558.47,564.0699,557.86,585865,560.37,63186146,561.004467,SPY
2025-05-02,566.76,568.38,562.38,571476,564.73,60717270,566.424958,SPY
2025-05-05,563.51,566.65,561.7,414698,562.57,38659222,564.409762,SPY
2025-05-06,558.8,563.3476,556.96,473580,557.93,48264708,559.981148,SPY
2025-05-07,561.15,563.82,556.04,531073,560.15,55733229,560.011623,SPY
2025-05-08,565.06,570.31,561.7,601131,565.24,65130787,566.584308,SPY
2025-05-09,564.34,567.5,562.7637,422432,566.48,37603427,564.739305,SPY
2025-05-12,582.99,583.0,577.04,733762,581.47,78993570,580.547302,SPY
2025-05-13,586.84,589.08,582.84,682785,583.41,67947225,587.193555,SPY
2025-05-14,587.59,588.98,585.535,676301,587.81,66283531,587.373305,SPY
2025-05-15,590.46,590.97,585.0969,737359,585.56,71268145,588.585752,SPY
2025-05-16,594.2,594.5,589.28,645314,591.25,76052101,592.388584,SPY
2025-05-19,594.85,595.54,588.1,662361,588.1,68168509,593.168182,SPY
2025-05-20,592.85,594.05,589.6,632002,593.09,60614492,592.357838,SPY
2025-05-21,582.86,592.58,581.82,1066364,588.44,95197657,587.037546,SPY
2025-05-22,583.09,586.62,581.405,844277,582.66,70860417,584.053292,SPY
2025-05-23,579.11,581.8101,575.6,877472,575.98,76029046,578.838939,SPY
2025-05-27,591.15,591.31,578.43,830952,586.07,72588475,589.125551,SPY
2025-05-28,587.73,592.7688,586.985,731933,591.56,68445512,589.715167,SPY
2025-05-29,590.05,593.2,586.07,826143,593.06,70073758,589.567723,SPY
2025-05-30,589.39,591.1299,583.235,884337,588.93,90601242,588.05609,SPY
2025-06-02,592.71,592.79,585.06,728812,587.76,61630502,589.874707,SPY
2025-06-03,596.09,597.08,591.85,690792,592.34,63606204,595.238267,SPY
2025-06-04,595.93,597.95,595.49,629200,596.96,57314199,596.938002,SPY
2025-06-05,593.05,599.0,591.05,944088,597.63,92436397,595.168768,SPY
2025-06-06,599.14,600.83,596.86,768591,598.66,66588743,599.222242,SPY
2025-06-09,599.68,601.25,598.49,637329,599.72,53016418,600.053937,SPY
2025-06-10,603.08,603.47,599.09,674474,600.22,66246973,601.631918,SPY
2025-06-11,601.36,605.06,599.27,808639,604.19,73658225,602.345297,SPY
2025-06-12,603.75,603.75,599.52,689902,600.01,64129003,602.541248,SPY
2025-06-13,597.0,601.85,595.48,980337,598.5,89487793,598.204727,SPY
2025-06-16,602.68,604.45,600.22,775607,600.4,79984125,602.741389,SPY
2025-06-17,597.53,601.75,596.76,827346,600.21,82209365,599.19286,SPY
2025-06-18,597.44,601.22,596.47,711298,598.44,76605029,598.886708,SPY
2025-06-20,594.28,599.46,592.86,825556,598.38,94051374,595.125748,SPY
2025-06-23,600.15,600.54,591.89,920372,595.04,87426039,597.020982,SPY
2025-06-24,606.78,607.8499,603.41,682502,604.33,67735293,606.174705,SPY
2025-06-25,607.12,608.61,605.54,645731,607.91,62114767,607.146716,SPY
2025-06-26,611.87,612.31,608.37,630338,608.99,78548361,610.895254,SPY
2025-06-27,614.91,616.39,610.83,806398,612.88,86258398,613.935765,SPY
2025-06-30,617.85,619.22,615.04,858415,617.38,92502541,617.093294,SPY
2025-07-01,617.65,618.83,615.52,746886,616.36,70030140,617.439436,SPY
2025-07-02,620.45,620.49,616.61,679099,617.24,66510374,619.130181,SPY
2025-07-03,625.34,626.28,622.43,484817,622.45,51065578,625.106471,SPY
2025-07-07,620.68,624.03,617.87,863317,623.36,74814505,620.762641,SPY
2025-07-08,620.34,622.11,619.52,675760,621.35,59024585,620.675955,SPY
2025-07-09,624.06,624.72,620.9105,735000,622.77,66113326,622.946884,SPY
2025-07-10,625.82,626.8701,623.01,648814,624.2,57527933,625.358699,SPY
2025-07-11,623.62,624.86,621.53,748955,622.74,63670226,623.809901,SPY
2025-07-14,624.81,625.1581,621.7999,626509,623.16,51898518,623.953909,SPY
2025-07-15,622.14,627.86,622.06,828422,627.52,74317260,624.382657,SPY
2025-07-16,624.22,624.73,618.05,961751,623.74,88964127,622.089769,SPY
2025-07-17,628.04,628.4048,624.18,687864,624.4,68885558,627.009476,SPY
2025-07-18,627.58,629.47,626.46,594577,629.3,65621496,627.596472,SPY
2025-07-21,628.77,631.54,628.34,709907,628.77,63374984,630.17477,SPY
2025-07-22,628.86,629.73,626.19,763949,629.1,60046288,628.28447,SPY
2025-07-23,634.21,634.21,629.73,765762,631.55,71015836,632.090485,SPY
2025-07-24,634.42,636.15,633.99,764249,634.6,71307134,635.14029,SPY
2025-07-25,637.1,637.5799,634.84,594273,635.09,56865364,636.524889,SPY
2025-07-28,636.94,638.04,635.54,630214,637.48,54917102,636.840101,SPY
2025-07-29,635.26,638.67,634.335,708687,638.35,60556278,636.075817,SPY
2025-07-30,634.46,637.68,631.54,820273,635.92,80413429,634.709485,SPY
2025-07-31,632.08,639.85,630.765,1017926,639.455,103385246,635.332486,SPY
2025-08-01,621.72,626.34,619.29,1466043,626.3,140103572,622.167703,SPY
2025-08-04,631.17,631.215,625.58,802217,625.67,73218015,629.502285,SPY
2025-08-05,627.97,632.6052,627.04,806967,631.79,68051401,629.048533,SPY
2025-08-06,632.78,633.44,628.13,690531,629.05,64357525,631.543336,SPY
2025-08-07,632.25,636.98,629.11,835614,636.24,74205791,632.317282,SPY
2025-08-08,637.18,637.645,633.74,705058,634.06,64051626,636.423539,SPY
2025-08-11,635.92,638.95,634.66,669920,637.46,58742300,636.758188,SPY
2025-08-12,642.69,642.85,636.79,761232,638.29,64821798,640.71696,SPY
2025-08-13,644.89,646.19,642.68,672682,644.91,60092790,644.269294,SPY
2025-08-14,644.95,645.62,642.34,682668,642.79,59327466,644.314136,SPY
2025-08-15,643.44,646.09,642.5153,637298,645.99,68592507,643.988974,SPY
2025-08-18,643.3,644.0,642.18,583828,642.86,43804914,643.155983,SPY
2025-08-19,639.81,644.105,638.48,769488,643.12,69750731,640.687476,SPY
2025-08-20,638.11,639.66,632.95,1033790,639.4,88890298,636.510518,SPY
2025-08-21,635.55,637.97,633.81,617474,636.28,54805775,635.846039,SPY
2025-08-22,645.31,646.5,637.25,924994,637.76,84083214,644.412217,SPY
2025-08-25,642.47,645.29,642.35,657583,644.04,51274332,644.051865,SPY
2025-08-26,645.16,645.51,641.57,575104,642.2,51581565,643.564606,SPY
2025-08-27,646.63,647.37,644.42,514537,644.57,48341069,646.327808,SPY
2025-08-28,648.92,649.48,645.34,595301,647.24,61519461,647.839384,SPY
2025-08-29,645.05,647.84,643.14,747542,647.47,74423178,644.73186,SPY
2025-09-02,640.27,640.49,634.92,903028,637.5,81983545,638.052767,SPY
2025-09-03,643.74,644.21,640.46,818583,642.67,70820898,642.393574,SPY
2025-09-04,649.12,649.15,643.51,743467,644.42,65219228,646.672384,SPY
2025-09-05,647.24,652.21,643.33,988454,651.48,84304124,646.993141,SPY
2025-09-08,648.83,649.84,647.23,773415,648.62,63130164,648.48861,SPY
2025-09-09,650.33,650.86,647.22,684357,648.97,66133856,649.224848,SPY
2025-09-10,652.21,654.55,650.63,841963,653.62,78034529,652.673145,SPY
2025-09-11,657.63,658.33,653.59,754957,654.18,69895740,656.838382,SPY
2025-09-12,657.41,659.11,656.9,683140,657.6,72780135,657.953046,SPY
2025-09-15,660.91,661.04,659.34,771637,659.64,63772412,660.304498,SPY
2025-09-16,660.0,661.78,659.21,755515,661.47,61168953,660.207825,SPY
2025-09-17,659.18,661.72,654.3,1070032,660.01,101952244,658.884385,SPY
2025-09-18,662.26,664.89,660.27,951829,661.89,90458735,662.825154,SPY
2025-09-19,663.7,664.55,660.37,842334,662.33,97945620,662.65786,SPY
2025-09-22,666.84,667.29,662.17,795553,662.2,69452201,665.428239,SPY
2025-09-23,663.21,667.34,661.98,896647,666.72,81708872,664.434604,SPY
2025-09-24,661.1,664.61,659.67,807609,664.51,68082229,661.597947,SPY
2025-09-25,658.05,659.4056,654.405,935968,657.94,89622067,657.338549,SPY
2025-09-26,661.82,662.37,657.88,769909,659.51,69179209,660.616791,SPY
2025-09-29,663.68,665.28,661.86,763838,664.36,73499015,663.523234,SPY
2025-09-30,666.18,666.65,661.61,772090,662.93,86288028,664.127451,SPY
2025-10-01,668.45,669.37,663.06,974350,663.17,72545369,666.876307,SPY
2025-10-02,669.22,670.565,666.78,743850,670.45,56895993,668.850456,SPY
2025-10-03,669.21,672.675,668.16,895359,669.99,70494350,670.468624,SPY
2025-10-06,671.61,672.51,669.455,873508,671.62,54623260,671.317365,SPY
2025-10-07,669.12,672.99,667.67,947296,672.54,72020067,669.598888,SPY
2025-10-08,673.11,673.2056,669.42,747743,670.25,60702241,672.116743,SPY
2025-10-09,671.16,673.94,669.21,802889,673.53,66501941,671.023115,SPY
2025-10-10,653.02,673.95,652.84,1778637,672.13,159422589,662.07522,SPY
2025-10-13,663.04,665.13,659.7679,1125900,660.65,79560517,662.346651,SPY
2025-10-14,662.23,665.83,653.17,1177809,657.17,88779560,661.056437,SPY
2025-10-15,665.17,670.23,658.93,1067025,666.82,81702555,665.245431,SPY
2025-10-16,660.64,668.71,657.11,1443490,666.82,110563346,662.638242,SPY
2025-10-17,664.39,665.755,658.14,1156217,659.5,96500870,662.131654,SPY
2025-10-20,671.3,672.21,667.27,858129,667.32,60492650,670.723645,SPY
2025-10-21,671.29,672.99,669.981,831016,671.44,56248835,671.751723,SPY
2025-10-22,667.8,672.0,663.3,963659,672.0,80564006,667.586309,SPY
2025-10-23,671.76,672.7101,667.8,767072,668.12,65604461,670.89345,SPY
2025-10-24,677.25,678.47,675.65,762628,676.46,74356527,677.52846,SPY
2025-10-27,685.24,685.54,682.115,811233,682.73,63293828,683.854334,SPY
2025-10-28,687.06,688.905,684.83,759679,687.05,61737972,686.90284,SPY
2025-10-29,687.39,689.7,682.87,1044645,688.72,85340645,687.171371,SPY
2025-10-30,679.83,685.94,679.83,971938,683.9,76335751,682.922797,SPY
2025-10-31,682.06,685.08,679.24,990900,685.04,87164122,682.653504,SPY
2025-11-03,683.34,685.8,679.94,870106,685.67,57315025,682.9317,SPY
2025-11-04,675.24,679.96,674.58,1140117,676.11,78426969,676.508167,SPY
2025-11-05,677.58,680.86,674.17,904366,674.98,74402376,678.412595,SPY
2025-11-06,670.31,677.38,668.72,1184829,676.47,85035298,671.984134,SPY
2025-11-07,670.97,671.08,661.205,1399072,667.91,100592443,666.112643,SPY
2025-11-10,681.44,682.18,675.03,1141759,677.235,75842888,679.201354,SPY
2025-11-11,683.0,683.57,678.73,828375,679.95,58953385,681.583161,SPY
2025-11-12,683.38,684.96,680.945,995928,684.79,62312484,683.119593,SPY
2025-11-13,672.04,680.86,670.52,1420394,680.5,103457788,674.522143,SPY
2025-11-14,671.93,675.66,663.265,1468545,665.38,96846672,671.317961,SPY
2025-11-17,665.67,673.71,662.17,1485606,669.7,90456105,667.738819,SPY
2025-11-18,660.08,665.12,655.86,1760650,662.095,114467488,661.122076,SPY
2025-11-19,662.63,667.34,658.745,1420436,660.78,94702955,662.617721,SPY
2025-11-20,652.53,675.56,651.89,2439639,672.91,165293521,661.717018,SPY
2025-11-21,659.03,664.55,650.85,1714976,655.05,123956203,657.972356,SPY
2025-11-24,668.73,670.06,661.59,1079031,662.69,80437940,667.491683,SPY
2025-11-25,675.02,676.21,664.48,1114924,668.63,81077088,671.640568,SPY
2025-11-26,679.68,681.7,676.72,881264,677.63,71879597,680.09272,SPY
2025-11-28,683.39,683.665,680.5,568720,680.86,49212030,682.350281,SPY
2025-12-01,680.27,682.99,678.74,822174,678.81,61201193,680.719083,SPY
2025-12-02,681.53,683.82,679.3275,828603,681.92,62953844,681.840994,SPY
2025-12-03,683.89,684.91,679.69,728672,680.57,57238481,683.053074,SPY
2025-12-04,684.39,685.37,681.34,850813,685.3,61970336,683.570788,SPY
2025-12-05,685.69,688.39,684.58,920639,685.47,79241045,686.205969,SPY
2025-12-08,683.63,686.64,681.57,972851,686.59,55231462,683.575849,SPY
2025-12-09,683.04,685.385,682.59,890130,683.15,58310055,683.882627,SPY
2025-12-10,687.57,688.97,681.31,1116986,682.56,85671334,685.247422,SPY
2025-12-11,689.17,689.25,682.165,1091888,685.14,86173678,686.724569,SPY
2025-12-12,681.76,688.88,679.1744,1436024,688.17,113160347,682.784771,SPY
2025-12-15,680.73,685.76,679.25,1453102,685.74,90810952,681.378547,SPY
2025-12-16,678.87,681.08,674.98,1412023,679.23,122030631,678.295578,SPY
2025-12-17,671.4,680.435,671.195,1388728,679.89,110625198,674.419992,SPY
2025-12-18,676.47,680.74,674.9,1510342,677.6,108650128,677.772072,SPY
2025-12-19,680.59,681.09,676.47,1113777,676.59,103599543,679.903065,SPY
2025-12-22,684.83,685.36,680.5868,806680,683.94,69556733,684.360955,SPY
2025-12-23,687.96,688.2,683.87,710909,683.92,64839951,686.880983,SPY
2025-12-24,690.38,690.83,687.8,439656,687.95,39445560,689.740875,SPY
2025-12-26,690.31,691.66,689.27,587527,690.64,41613347,690.300899,SPY
2025-12-29,687.85,689.2,686.07,782231,687.54,62559503,687.628428,SPY
2025-12-30,687.01,688.555,686.58,609770,687.445,47160671,687.488582,SPY
2025-12-31,681.92,687.36,681.71,900617,687.14,74144801,684.337388,SPY
2026-01-02,683.17,686.87,679.82,1251774,685.71,89377203,682.941955,SPY
2026-01-05,687.72,689.43,686.375,957054,686.54,71753091,687.947332,SPY
2026-01-06,691.81,692.315,687.78,999399,687.93,69273827,690.536149,SPY
2026-01-07,689.58,693.96,689.32,999349,692.19,75588337,691.744789,SPY
2026-01-08,689.51,690.615,687.49,946792,688.82,64019200,689.225822,SPY
2026-01-09,694.07,695.31,689.18,992587,690.63,80125467,693.204385,SPY
2026-01-12,695.16,696.09,690.63,905312,690.68,63976002,694.288513,SPY
2026-01-13,693.77,696.09,691.35,1084111,695.49,78309726,693.512904,SPY
2026-01-14,690.36,691.72,686.04,1295904,691.0,94676684,688.594988,SPY
2026-01-15,692.24,695.45,691.25,1110018,694.57,77861974,693.573776,SPY
2026-01-16,691.66,694.25,690.1,1000260,693.66,79289200,692.340042,SPY
2026-01-20,677.58,684.77,676.57,1533779,681.49,111623277,680.478406,SPY
2026-01-21,685.4,688.735,678.13,1731689,679.65,127844467,683.228757,SPY
2026-01-22,688.98,691.125,686.92,1003227,689.85,77112243,689.246338,SPY
2026-01-23,689.23,690.96,687.16,901616,688.15,63059578,689.206509,SPY
2026-01-26,692.73,694.13,689.92,831181,690.49,60473813,692.978345,SPY
2026-01-27,695.49,696.53,693.57,708562,694.18,55506147,695.59338,SPY
2026-01-28,695.42,697.84,693.94,865563,697.05,61172165,695.773378,SPY
2026-01-29,694.04,697.06,684.83,1426084,696.39,97486198,690.725493,SPY
2026-01-30,691.97,694.21,687.12,1203680,691.79,101835131,691.332563,SPY
2026-02-02,695.41,696.93,69.005,1104182,689.58,79286521,694.955194,SPY
2026-02-03,689.53,696.96,684.03,1530140,696.21,107904611,689.738077,SPY
2026-02-04,686.19,691.45,681.76,1712102,690.35,105204600,686.716173,SPY
2026-02-05,677.62,683.69,675.79,1703564,680.94,113610812,679.01231,SPY
2026-02-06,690.62,692.31,680.85,1394903,681.46,89127566,687.550511,SPY
2026-02-09,693.95,695.87,688.34,1089458,689.42,73885192,693.630023,SPY
2026-02-10,692.12,696.54,691.66,997736,694.95,65185725,694.069154,SPY
2026-02-11,691.96,697.14,689.18,1150411,696.39,76353872,692.677678,SPY
2026-02-12,681.27,695.35,680.37,1710468,694.24,118828963,685.899151,SPY
2026-02-13,681.75,686.28,677.52,1319885,681.69,96267487,682.650214,SPY
2026-02-17,682.85,684.94,675.78,1280864,680.14,81354660,681.104238,SPY
2026-02-18,686.29,689.15,682.83,975708,684.02,73570341,686.531466,SPY
2026-02-19,684.48,686.18,681.5475,898459,683.84,58649363,683.791086,SPY
2026-02-20,689.43,690.06,681.73,1280081,682.32,100033986,687.365624,SPY
2026-02-23,682.39,690.0,680.371,1279677,687.83,90667777,683.182877,SPY
2026-02-24,687.35,688.35,680.0,951187,681.9,73879636,685.954775,SPY
2026-02-25,693.15,693.68,690.1,793756,690.18,56447240,692.180635,SPY
2026-02-26,689.3,693.3,684.35,1078464,693.28,71763014,688.106726,SPY
2026-02-27,685.99,686.86,681.64,1114035,683.09,83410162,684.641071,SPY
2026-03-02,686.38,688.62,678.02,1232297,678.7,87604490,685.208581,SPY
2026-03-03,680.33,682.61,669.66,1586985,675.06,105122181,676.522044,SPY
2026-03-04,685.13,687.09,679.62,1066168,681.63,79278994,685.100441,SPY
2026-03-05,681.31,685.53,675.61,1472708,682.08,106716391,679.927445,SPY
2026-03-06,672.38,676.11,669.76,1411622,673.41,100796751,673.375419,SPY
2026-03-09,678.27,679.92,662.39,1484006,666.39,102774914,670.558395,SPY
2026-03-10,677.18,683.36,674.76,1197642,677.72,81585842,679.288415,SPY
2026-03-11,676.33,680.08,673.34,957759,677.58,68519802,675.910612,SPY
2026-03-12,666.06,671.65,665.87,1415063,671.16,108960383,668.585818,SPY
2026-03-13,662.29,672.335,661.36,1307829,669.27,97287732,665.316763,SPY
2026-03-16,669.03,672.07,667.12,1100981,668.38,82112619,669.314934,SPY
2026-03-17,670.79,674.44,669.7,916003,672.39,87193712,671.816194,SPY
2026-03-18,661.43,669.72,661.19,1106763,668.36,82139971,665.318191,SPY
2026-03-19,659.8,662.98,655.17,1496795,656.97,111355978,658.43291,SPY
2026-03-20,648.57,656.69,644.72,1618173,656.51,163708346,650.310492,SPY
2026-03-23,655.38,662.615,653.94,1707102,658.07,134908956,658.149939,SPY
2026-03-24,653.18,657.03,649.88,1264748,651.32,96536775,653.882098,SPY
2026-03-25,656.82,660.89,654.24,1364460,658.67,90728937,657.397249,SPY
2026-03-26,645.09,654.85,644.82,1437356,652.06,96572697,649.658077,SPY
2026-03-27,634.09,642.66,633.105,1368308,642.5,103743913,637.642894,SPY
2026-03-30,631.97,640.37,629.28,1389354,640.11,99377166,634.310117,SPY
2026-03-31,650.34,651.54,637.98,1684024,638.94,152604652,645.582973,SPY
2026-04-01,655.24,658.52,653.0,1311804,653.9,97921207,655.689869,SPY
2026-04-02,655.83,658.2,645.11,935078,646.42,68431760,652.950917,SPY
2026-04-06,658.93,659.72,655.52,597395,655.86,39197388,657.616061,SPY
2026-04-07,659.22,659.61,651.06,882604,656.65,70057264,655.4745,SPY
2026-04-08,676.01,677.08,671.46,1064438,676.39,93677757,674.832029,SPY
2026-04-09,679.91,681.16,673.77,692427,674.84,57197883,678.095594,SPY
2026-04-10,679.46,682.03,678.45,574662,681.32,42320741,679.965525,SPY
2026-04-13,686.1,686.3,676.58,666357,677.41,54263576,682.039661,SPY
2026-04-14,694.46,694.58,687.66,708768,687.69,63547765,692.31182,SPY
2026-04-15,699.94,700.28,694.2,708701,695.26,58310636,697.828409,SPY
2026-04-16,701.66,702.78,698.53,620248,701.06,50037766,700.827372,SPY
2026-04-17,710.14,712.39,705.76,796355,706.14,70739977,709.806886,SPY
2026-04-20,708.72,709.91,706.14,548627,708.78,43593498,708.156777,SPY
2026-04-21,704.08,711.275,702.64,734034,710.28,59014672,706.421,SPY
2026-04-22,711.21,711.45,708.22,530338,709.15,42583611,709.992916,SPY
2026-04-23,708.45,712.3598,702.2803,735243,709.5,56244485,708.295827,SPY
2026-04-24,713.94,714.47,709.01,566900,710.75,45278698,712.532437,SPY
2026-04-27,715.17,715.63,712.295,484997,713.17,33179855,714.246537,SPY
