Date,open,high,low,close,volume
2015-04-27,5.52,5.73,4.82,5.46,15000.0
2015-04-28,5.28,5.36,4.83,4.99,9400.0
2015-04-29,4.86,5.179,4.63,4.97,6200.0
2015-04-30,4.85,4.97,4.7,4.7,1600.0
2015-05-01,4.61,4.97,4.61,4.97,300.0
2015-05-04,4.97,4.97,4.56,4.71,1500.0
2015-05-05,4.75,4.75,4.53,4.54,3100.0
2015-05-06,4.52,4.52,4.09,4.2,13900.0
2015-05-07,4.29,4.4,4.13,4.22,7100.0
2015-05-08,4.351,4.4,3.86,3.93,3700.0
2015-05-11,3.98,4.2,3.98,4.2,400.0
2015-05-12,4.158,4.27,4.08,4.25,10000.0
2015-05-13,4.25,4.34,4.17,4.34,1900.0
2015-05-15,4.52,4.52,4.52,4.52,100.0
2015-05-18,4.6,4.95,4.26,4.26,8600.0
2015-05-19,4.38,4.38,4.0,4.05,6600.0
2015-05-20,4.08,4.08,3.25,3.73,23800.0
2015-05-21,3.62,3.68,3.5,3.68,4900.0
2015-05-22,3.77,3.84,3.67,3.84,14600.0
2015-05-26,3.7,4.1,3.55,4.0,7800.0
2015-05-27,3.92,3.99,3.7,3.88,12000.0
2015-05-28,3.85,3.85,3.81,3.84,800.0
2015-05-29,3.91,4.7,3.66,4.42,33400.0
2015-06-01,4.5,4.5,4.09,4.2,2100.0
2015-06-03,4.3,4.3,4.3,4.3,100.0
2015-06-04,4.05,4.05,4.01,4.01,3700.0
2015-06-05,4.0001,4.02,3.98,3.98,4500.0
2015-06-08,3.951,4.098,3.89,4.06,5400.0
2015-06-09,3.95,4.16,3.8278,4.0,6400.0
2015-06-10,4.1499,4.1499,4.09,4.09,300.0
2015-06-11,4.19,4.38,4.12,4.2,4100.0
2015-06-12,4.3,5.0599,4.2,4.68,32800.0
2015-06-15,4.6544,5.75,4.6201,5.25,46700.0
2015-06-16,5.42,5.8,5.29,5.46,18300.0
2015-06-17,5.3,6.6,4.81,6.3,43800.0
2015-06-18,6.4,6.4,5.89,5.94,13500.0
2015-06-19,5.81,6.04,5.5076,5.51,6500.0
2015-06-22,5.4899,5.4899,5.0,5.0,3500.0
2015-06-23,4.88,5.0599,4.6757,5.03,9500.0
2015-06-24,4.84,5.1499,4.61,5.16,9000.0
2015-06-25,4.84,5.2199,4.62,4.95,13600.0
2015-06-26,4.71,4.71,4.62,4.76,700.0
2015-06-29,4.62,4.75,4.27,4.57,6900.0
2015-06-30,4.58,4.8599,4.34,4.62,5900.0
2015-07-01,4.49,4.73,4.37,4.5,9000.0
2015-07-02,4.9,4.96,4.63,4.63,6000.0
2015-07-06,4.368,4.7899,4.26,4.26,10700.0
2015-07-07,4.7,4.7,3.5,3.78,15800.0
2015-07-08,3.54,3.69,3.35,3.39,16800.0
2015-07-09,3.7899,4.872,3.461,4.519,132400.0
2015-07-10,7.12,7.6968,5.49,5.8,2598200.0
2015-07-13,5.37,5.64,5.01,5.04,147000.0
2015-07-14,4.91,5.03,4.75,4.818,17400.0
2015-07-15,4.8,4.9199,4.68,4.85,15300.0
2015-07-16,5.09,5.67,5.08,5.61,22200.0
2015-07-17,5.61,5.7899,5.2,5.7699,42000.0
2015-07-20,5.94,5.94,5.4,5.65,23700.0
2015-07-21,5.53,6.61,5.53,6.04,99000.0
2015-07-22,6.02,6.14,5.76,5.86,25500.0
2015-07-23,5.83,6.2,5.78,5.85,9600.0
2015-07-24,5.71,5.83,5.71,5.71,4000.0
2015-07-27,5.56,5.56,5.25,5.34,9000.0
2015-07-28,5.63,5.7299,5.31,5.33,4200.0
2015-07-29,5.57,5.5799,5.4084,5.47,2400.0
2015-07-30,6.12,6.12,5.38,5.85,8000.0
2015-07-31,5.56,5.86,5.56,5.62,1700.0
2015-08-03,5.3301,5.61,5.0,5.0,17400.0
2015-08-04,5.17,5.17,4.65,4.6501,5200.0
2015-08-05,4.71,5.15,4.6001,4.66,22900.0
2015-08-06,4.5826,4.95,4.5826,4.72,51300.0
2015-08-07,4.76,4.763,4.72,4.72,2300.0
2015-08-10,4.73,4.9,4.59,4.6772,4200.0
2015-08-11,4.58,4.59,4.21,4.4,11700.0
2015-08-12,4.28,4.54,3.88,3.94,11400.0
2015-08-13,4.33,4.3499,4.0,4.2399,41700.0
2015-08-14,4.23,4.315,4.07,4.07,14900.0
2015-08-17,4.1799,4.3036,4.061,4.2975,5400.0
2015-08-18,4.48,4.59,4.12,4.22,7000.0
2015-08-19,4.29,4.3,4.13,4.14,1300.0
2015-08-20,4.14,4.3,4.14,4.14,3300.0
2015-08-21,4.1001,4.446,3.4,4.0601,22600.0
2015-08-24,3.92,4.0499,3.6,4.0499,19200.0
2015-08-25,3.95,4.05,3.6639,4.0499,5300.0
2015-08-27,3.882,3.9,3.75,3.82,1100.0
2015-08-28,3.74,4.15,3.74,3.92,3200.0
2015-09-01,4.1899,4.1899,3.51,3.54,3200.0
2015-09-03,3.65,3.9825,3.53,3.72,11316.0
2015-09-04,3.8,4.19,3.8,4.12,13199.0
2015-09-08,4.2,4.2,3.85,4.1,2425.0
2015-09-09,4.0801,4.0801,4.08,4.08,806.0
2015-09-10,3.9601,4.1899,3.9601,4.0,1891.0
2015-09-11,4.08,4.08,4.0,4.03,4845.0
2015-09-14,4.05,4.15,3.95,4.15,2725.0
2015-09-15,4.18,4.19,4.16,4.19,2434.0
2015-09-16,4.07,4.12,3.96,4.0899,2208.0
2015-09-17,4.01,4.1599,3.98,4.0901,2222.0
2015-09-18,4.1599,4.1599,3.99,4.0,2542.0
2015-09-21,4.1499,4.1499,4.13,4.13,296.0
2015-09-22,4.0,4.0,4.0,4.0,590.0
2015-09-23,4.01,4.01,3.94,3.94,436.0
2015-09-24,3.94,3.94,3.94,3.94,52.0
2015-09-25,3.94,3.94,3.94,3.94,285.0
2015-09-28,3.93,3.93,3.93,3.93,226.0
2015-09-29,3.93,3.99,3.7001,3.85,3205.0
2015-09-30,3.72,3.8037,3.646,3.72,5974.0
2015-10-01,3.72,3.72,3.72,3.72,5.0
2015-10-02,3.76,3.9399,3.74,3.9399,1375.0
2015-10-05,3.82,3.82,3.6899,3.69,1679.0
2015-10-06,3.7,3.7999,3.66,3.71,7014.0
2015-10-07,3.5,3.96,3.5,3.96,6794.0
2015-10-08,3.95,4.15,3.77,4.05,10558.0
2015-10-09,3.9899,4.14,3.98,4.13,11505.0
2015-10-12,4.01,4.4,3.901,4.1301,31956.0
2015-10-13,3.9599,4.1001,3.74,3.9,13651.0
2015-10-14,3.9496,3.9496,3.84,3.86,1122.0
2015-10-15,3.82,4.1101,3.82,3.99,3668.0
2015-10-16,4.06,4.06,3.77,3.8888,5905.0
2015-10-19,3.8,3.8,3.5,3.6,13976.0
2015-10-20,3.68,3.68,3.6,3.6,767.0
2015-10-21,3.55,3.55,3.4,3.454,4421.0
2015-10-22,3.4101,3.42,3.36,3.3611,3446.0
2015-10-23,3.5935,3.6964,3.5935,3.6964,2039.0
2015-10-26,3.752,3.752,3.752,3.752,441.0
2015-10-27,3.51,3.5999,3.46,3.46,13706.0
2015-10-28,3.5297,3.8,3.46,3.51,9605.0
2015-10-29,3.55,3.59,3.51,3.51,2358.0
2015-10-30,3.69,3.69,3.51,3.51,291.0
2015-11-02,3.61,3.61,3.411,3.49,2511.0
2015-11-03,3.5,3.57,3.4706,3.57,4368.0
2015-11-04,3.57,3.571,3.4,3.5699,2362.0
2015-11-05,3.5,3.5,3.39,3.39,3886.0
2015-11-06,3.4,3.4,3.38,3.38,2143.0
2015-11-09,3.49,3.49,3.36,3.36,2187.0
2015-11-10,3.23,3.268,3.2001,3.2001,2124.0
2015-11-11,3.2101,3.238,3.2101,3.231,945.0
2015-11-12,3.3301,3.4799,3.3301,3.385,1078.0
2015-11-13,3.43,3.43,3.28,3.28,1782.0
2015-11-16,3.26,3.29,3.21,3.21,1231.0
2015-11-17,3.32,3.3201,3.24,3.24,303.0
2015-11-18,3.24,3.24,3.01,3.02,9133.0
2015-11-19,3.13,3.13,3.01,3.01,902.0
2015-11-20,3.19,3.36,3.15,3.17,8205.0
2015-11-23,3.12,3.1201,2.93,3.04,7103.0
2015-11-24,2.97,2.97,2.7301,2.94,9532.0
2015-11-25,2.9399,3.67,2.9399,3.38,48088.0
2015-11-27,3.5,3.5,2.94,3.09,85570.0
2015-11-30,3.0,3.04,2.91,2.9888,12664.0
2015-12-01,3.0212,4.85,3.0212,4.38,148654.0
2015-12-02,4.54,4.54,3.5,3.5,58329.0
2015-12-03,3.98,3.98,3.44,3.47,11809.0
2015-12-04,3.3201,3.48,3.3,3.48,15226.0
2015-12-07,3.4301,3.48,3.32,3.39,11056.0
2015-12-08,3.36,3.64,3.31,3.59,5467.0
2015-12-09,3.4422,3.6808,3.4422,3.51,8985.0
2015-12-10,3.33,3.4,3.19,3.3835,24840.0
2015-12-11,3.4199,3.4199,3.16,3.16,3793.0
2015-12-14,3.0301,3.1999,3.02,3.0799,19574.0
2015-12-15,3.01,3.12,2.87,3.1099,27169.0
2015-12-16,3.12,3.182,2.989,3.0038,14906.0
2015-12-17,3.0,3.03,2.91,3.03,16388.0
2015-12-18,3.0001,3.09,3.0001,3.06,3627.0
2015-12-21,3.15,3.23,3.0201,3.0201,6258.0
2015-12-22,3.046,3.05,3.02,3.05,1504.0
2015-12-23,2.9201,3.39,2.9201,3.3899,7552.0
2015-12-24,3.33,3.33,3.33,3.33,827.0
2015-12-28,3.53,3.76,3.244,3.4,5776.0
2015-12-29,3.39,3.41,3.325,3.38,4143.0
2015-12-30,3.3595,3.53,3.2601,3.3,9055.0
2015-12-31,3.2501,3.38,3.2501,3.38,780.0
2016-01-04,3.3485,3.349,3.26,3.26,1775.0
2016-01-05,3.48,3.5,3.3,3.3698,5546.0
2016-01-06,3.34,3.34,3.34,3.34,342.0
2016-01-07,3.45,3.45,3.214,3.214,5874.0
2016-01-08,3.1,3.3899,3.1,3.2101,5550.0
2016-01-11,3.3899,3.3899,3.2,3.2,3956.0
2016-01-12,3.3,3.38,3.206,3.2675,12842.0
2016-01-13,3.2,3.36,3.2,3.2005,12793.0
2016-01-14,3.2201,3.38,3.2,3.2885,4942.0
2016-01-15,3.2,3.2001,3.06,3.0699,9823.0
2016-01-19,3.25,3.35,3.0,3.0,21562.0
2016-01-20,4.36,5.7,3.5,3.6,1505390.0
2016-01-21,3.3,3.5975,2.94,3.19,147877.0
2016-01-22,3.17,3.3099,3.12,3.19,15737.0
2016-01-25,3.12,3.1756,2.9,2.9,13705.0
2016-01-26,2.9,2.9,2.67,2.77,20937.0
2016-01-27,2.83,3.18,2.6701,2.77,10576.0
2016-01-28,2.7,2.81,2.6,2.62,22137.0
2016-01-29,2.6,2.73,2.5868,2.69,13765.0
2016-02-01,2.61,2.96,2.61,2.76,25583.0
2016-02-02,2.77,2.77,2.61,2.61,23434.0
2016-02-03,2.84,2.91,2.05,2.2,77322.0
2016-02-04,2.27,2.3,2.2501,2.29,5552.0
2016-02-05,2.26,2.26,2.12,2.1201,7770.0
2016-02-08,2.3,2.32,2.13,2.13,7095.0
2016-02-09,2.1315,2.26,2.1001,2.25,3984.0
2016-02-10,2.16,2.28,2.15,2.16,4863.0
2016-02-11,2.28,2.41,2.11,2.23,17870.0
2016-02-12,2.32,2.35,2.09,2.19,15373.0
2016-02-16,2.2,2.31,2.2,2.31,1372.0
2016-02-17,2.29,2.31,2.22,2.31,1208.0
2016-02-18,2.28,2.28,2.25,2.28,1282.0
2016-02-19,2.31,2.57,2.26,2.42,27118.0
2016-02-22,2.6,2.71,2.25,2.46,16058.0
2016-02-23,2.46,2.507,2.3801,2.3801,2932.0
2016-02-24,2.27,2.31,2.12,2.28,5221.0
2016-02-25,2.2501,2.351,2.2501,2.34,921.0
2016-02-26,2.34,2.34,2.34,2.34,101.0
2016-02-29,2.354,2.4238,2.351,2.38,3686.0
2016-03-01,2.2801,2.4499,2.2801,2.4499,1979.0
2016-03-02,2.4,2.4,2.1701,2.38,7689.0
2016-03-03,2.3285,2.35,2.19,2.23,5686.0
2016-03-04,2.22,2.32,2.1714,2.32,5225.0
2016-03-07,2.26,2.42,2.22,2.32,9627.0
2016-03-08,2.36,2.37,2.33,2.33,1500.0
2016-03-09,2.2801,2.45,2.2801,2.45,2185.0
2016-03-10,2.2801,2.3705,2.2801,2.3705,1070.0
2016-03-11,2.2801,2.3999,2.2801,2.39,1878.0
2016-03-14,2.39,2.39,2.39,2.39,69.0
2016-03-15,2.39,2.39,2.39,2.39,0.0
2016-03-16,2.41,2.45,2.35,2.45,775.0
2016-03-17,2.47,2.47,2.4499,2.4499,1525.0
2016-03-18,2.449,2.449,2.4485,2.4485,4324.0
2016-03-21,2.35,2.4599,2.3,2.38,8011.0
2016-03-22,2.3853,2.46,2.3501,2.3501,790.0
2016-03-23,2.374,2.374,2.3405,2.3405,349.0
2016-03-24,2.4488,2.4499,2.38,2.39,4446.0
2016-03-28,2.32,2.32,2.32,2.32,236.0
2016-03-29,2.3,2.39,2.3,2.37,3762.0
2016-03-30,2.34,2.34,2.2,2.28,7425.0
2016-03-31,2.3,2.3648,2.25,2.26,4468.0
2016-04-01,2.3,2.32,2.3,2.32,238.0
2016-04-04,2.404,2.469,2.38,2.3815,12304.0
2016-04-05,2.3815,2.3815,2.3815,2.3815,26.0
2016-04-06,2.1815,2.24,2.1815,2.22,3256.0
2016-04-07,2.213,2.25,2.2,2.2301,10039.0
2016-04-08,2.2301,2.2301,2.2301,2.2301,136.0
2016-04-11,2.19,2.26,2.19,2.21,2154.0
2016-04-12,2.195,2.4565,2.195,2.3,1171.0
2016-04-13,2.31,2.31,2.29,2.29,1160.0
2016-04-14,2.29,2.29,2.29,2.29,54.0
2016-04-15,2.2901,2.2901,2.29,2.29,1831.0
2016-04-18,2.2815,2.42,2.2815,2.4185,4274.0
2016-04-19,2.35,2.4299,2.3288,2.4299,3225.0
2016-04-20,2.3206,2.3206,2.28,2.28,5348.0
2016-04-21,2.28,2.28,2.28,2.28,92.0
2016-04-22,2.2501,2.2501,2.2501,2.2501,481.0
2016-04-25,2.26,2.35,2.26,2.32,515.0
2016-04-26,2.32,2.32,2.32,2.32,171.0
2016-04-27,2.35,2.35,2.26,2.2863,607.0
2016-04-28,2.25,2.302,2.24,2.302,932.0
2016-04-29,2.41,2.41,2.41,2.41,153.0
2016-05-02,2.4,2.4,2.4,2.4,261.0
2016-05-03,2.4,2.4,2.4,2.4,196.0
2016-05-04,2.3015,2.31,2.3,2.3,1806.0
2016-05-05,2.31,2.31,2.2571,2.2571,1114.0
2016-05-06,2.2401,2.39,2.2401,2.39,649.0
2016-05-09,2.3984,2.3984,2.3984,2.3984,149.0
2016-05-10,2.3984,2.3984,2.3984,2.3984,72.0
2016-05-11,2.38,2.38,2.3,2.3,3269.0
2016-05-12,2.3176,2.3176,2.3176,2.3176,120.0
2016-05-13,2.34,2.34,2.24,2.24,4304.0
2016-05-16,2.32,2.32,2.32,2.32,108.0
2016-05-17,2.36,2.36,2.36,2.36,114.0
2016-05-18,2.36,2.36,2.36,2.36,46.0
2016-05-19,2.36,2.36,2.36,2.36,0.0
2016-05-20,2.3,2.3,2.3,2.3,600.0
2016-05-23,2.3,2.3001,2.3,2.3001,677.0
2016-05-24,2.3,2.3507,2.3,2.3507,1806.0
2016-05-25,2.4076,2.59,2.3488,2.4501,21806.0
2016-05-26,2.4501,2.4501,2.4501,2.4501,51.0
2016-05-27,2.4501,2.4501,2.4501,2.4501,15.0
2016-05-31,2.3601,2.3601,2.3601,2.3601,540.0
2016-06-01,2.58,2.6,2.41,2.415,8229.0
2016-06-02,2.59,2.59,2.58,2.5898,1981.0
2016-06-03,2.6,2.6,2.4632,2.4632,1429.0
2016-06-06,2.47,2.6,2.4665,2.57,4394.0
2016-06-07,2.58,3.21,2.5795,2.86,55406.0
2016-06-08,2.97,2.97,2.7399,2.74,10720.0
2016-06-09,2.887,2.887,2.74,2.74,2612.0
2016-06-10,2.74,2.7401,2.6,2.67,5940.0
2016-06-13,2.76,2.76,2.645,2.68,3343.0
2016-06-14,2.59,2.6699,2.59,2.6001,1936.0
2016-06-15,2.67,2.67,2.62,2.62,530.0
2016-06-16,2.61,2.61,2.61,2.61,234.0
2016-06-17,2.584,2.7199,2.584,2.615,3095.0
2016-06-20,2.88,2.88,2.72,2.72,2211.0
2016-06-21,2.72,2.72,2.72,2.72,0.0
2016-06-22,2.6501,2.8699,2.65,2.842,2440.0
2016-06-23,2.83,2.85,2.81,2.85,4561.0
2016-06-24,2.688,2.69,2.45,2.47,9150.0
2016-06-27,2.52,2.52,2.5,2.5,1800.0
2016-06-28,2.57,2.68,2.57,2.66,1916.0
2016-06-29,2.85,3.4299,2.7175,3.1,126936.0
2016-06-30,1.34,1.98,1.15,1.97,483963.0
2016-07-01,1.92,1.92,1.65,1.7516,40025.0
2016-07-05,1.74,1.85,1.65,1.7501,13659.0
2016-07-06,1.79,1.79,1.65,1.65,16430.0
2016-07-07,1.73,1.75,1.62,1.62,28891.0
2016-07-08,1.6365,1.7295,1.62,1.7,6813.0
2016-07-11,1.6001,1.6451,1.6001,1.6251,2691.0
2016-07-12,1.6989,1.7,1.65,1.65,4136.0
2016-07-13,1.627,1.65,1.6,1.65,5967.0
2016-07-14,1.6486,1.88,1.6452,1.7458,37834.0
2016-07-15,1.611,1.7185,1.611,1.7,3888.0
2016-07-18,1.7,1.7,1.7,1.7,17.0
2016-07-19,1.664,1.664,1.64,1.64,5485.0
2016-07-20,1.762,1.79,1.6613,1.68,6104.0
2016-07-21,1.74,10.19,1.74,7.3,17214613.0
2016-07-22,10.99,13.85,9.16,10.2,8983067.0
2016-07-25,10.83,11.16,8.05,8.76,1294077.0
2016-07-26,8.42,10.88,8.02,9.75,1667407.0
2016-07-27,9.25,9.45,8.02,8.25,658693.0
2016-07-28,8.3,8.75,8.0101,8.1,301578.0
2016-07-29,8.55,9.43,8.25,8.52,1008315.0
2016-08-01,8.8,8.8,6.89,7.8,303324.0
2016-08-02,7.66,8.0,7.13,7.8,174083.0
2016-08-03,7.7,8.22,7.181,7.8,118172.0
2016-08-04,7.7,7.73,7.1801,7.62,58500.0
2016-08-05,7.5,8.65,7.3892,7.59,262782.0
2016-08-08,7.5,7.9,7.15,7.21,49901.0
2016-08-09,7.5,8.0,7.0,7.79,76025.0
2016-08-10,7.69,8.75,7.49,7.68,86427.0
2016-08-11,8.2,8.2,7.42,7.66,31578.0
2016-08-12,7.96,8.2933,7.5,7.65,64078.0
2016-08-15,7.5,8.0,7.26,7.31,33340.0
2016-08-16,7.3,7.5804,6.23,6.364,73532.0
2016-08-17,6.38,6.6399,5.9,6.1,54893.0
2016-08-18,5.89,6.27,5.6,5.7,35363.0
2016-08-19,5.57,5.77,5.201,5.48,30634.0
2016-08-22,5.32,6.0,5.25,5.53,30545.0
2016-08-23,5.3001,5.88,5.3001,5.7,17819.0
2016-08-24,5.694,5.694,5.25,5.29,22647.0
2016-08-25,5.28,5.4,4.99,5.21,25370.0
2016-08-26,5.225,5.4,5.2,5.2,7792.0
2016-08-29,5.26,7.24,5.1301,6.26,1258803.0
2016-08-30,6.12,6.83,6.0,6.38,477901.0
2016-08-31,6.22,7.2,6.0,6.15,479407.0
2016-09-01,6.21,6.929,6.17,6.76,410449.0
2016-09-02,6.81,8.88,6.81,7.98,2864751.0
2016-09-06,7.95,8.6,7.2,7.29,320191.0
2016-09-07,7.22,7.65,7.11,7.37,132442.0
2016-09-08,7.25,7.25,6.9,7.05,71684.0
2016-09-09,6.97,7.15,6.5,6.8,35249.0
2016-09-12,6.56,6.685,6.16,6.59,51705.0
2016-09-13,6.63,6.64,6.2,6.2,23057.0
2016-09-14,6.42,6.99,6.25,6.31,56644.0
2016-09-15,6.1901,6.57,6.17,6.53,16400.0
2016-09-16,6.42,6.499,6.1701,6.38,9380.0
2016-09-19,6.41,7.4,6.41,6.6437,96332.0
2016-09-20,6.7,6.7,6.25,6.25,28096.0
2016-09-21,6.32,6.32,5.74,6.06,31211.0
2016-09-22,6.22,6.22,5.911,6.17,14924.0
2016-09-23,6.13,6.35,6.01,6.3,8374.0
2016-09-26,6.14,6.56,5.97,6.2962,16412.0
2016-09-27,6.2114,6.56,6.2,6.38,15786.0
2016-09-28,6.4453,7.88,6.4096,6.41,263934.0
2016-09-29,6.28,6.555,6.24,6.28,24121.0
2016-09-30,6.32,6.47,6.0101,6.06,24122.0
2016-10-03,6.1,6.33,6.0,6.03,19074.0
2016-10-04,6.09,6.09,5.75,5.86,19310.0
2016-10-05,5.99,5.99,5.39,5.61,37215.0
2016-10-06,5.55,5.63,5.13,5.4,25059.0
2016-10-07,5.38,5.5352,5.38,5.4001,13279.0
2016-10-10,5.4,5.8,5.32,5.5,13561.0
2016-10-11,5.41,5.6,5.2,5.215,11887.0
2016-10-12,5.33,5.39,5.15,5.39,3462.0
2016-10-13,5.3,5.3613,4.921,4.98,12002.0
2016-10-14,4.84,4.84,4.49,4.5,32978.0
2016-10-17,4.5,4.51,4.28,4.37,5999.0
2016-10-18,4.41,4.68,4.3105,4.52,45597.0
2016-10-19,4.73,4.73,4.55,4.7,12720.0
2016-10-20,4.7279,5.73,4.66,5.1,114844.0
2016-10-21,5.0928,6.95,4.81,6.5893,79952.0
2016-10-24,6.77,7.7999,5.8,5.82,469264.0
2016-10-25,5.66,5.98,5.3101,5.49,57198.0
2016-10-26,5.2768,5.695,5.2,5.31,35436.0
2016-10-27,5.53,5.72,5.2,5.2,28815.0
2016-10-28,5.32,5.7099,5.32,5.32,8139.0
2016-10-31,5.36,5.8,4.9728,5.64,38103.0
2016-11-01,5.63,6.29,5.1888,5.21,56836.0
2016-11-02,5.35,5.35,4.6046,5.18,82692.0
2016-11-03,5.11,5.88,4.8,4.94,84998.0
2016-11-04,4.94,5.1145,4.53,4.65,34609.0
2016-11-07,4.73,4.8952,4.65,4.795,35718.0
2016-11-08,4.8,4.92,4.27,4.38,45988.0
2016-11-09,4.67,4.67,4.15,4.6,39129.0
2016-11-10,4.57,4.82,4.21,4.21,51871.0
2016-11-11,4.26,4.6339,4.1999,4.47,18040.0
2016-11-14,4.36,4.669,4.1201,4.25,30839.0
2016-11-15,4.25,5.0856,4.1826,4.66,55769.0
2016-11-16,4.64,5.4,4.64,5.18,72739.0
2016-11-17,5.541,7.48,4.62,6.19,321896.0
2016-11-18,6.14,6.14,5.2,5.45,67079.0
2016-11-21,5.6,5.8,5.5,5.55,12325.0
2016-11-22,5.54,6.1999,4.95,5.5,98247.0
2016-11-23,5.43,5.65,5.021,5.07,40414.0
2016-11-25,5.38,5.38,4.73,5.12,39198.0
2016-11-28,5.38,5.4,4.778,4.79,39758.0
2016-11-29,4.84,5.6,4.82,5.35,39584.0
2016-11-30,5.16,5.6399,4.92,5.26,70931.0
2016-12-01,5.09,5.42,4.6247,4.95,19597.0
2016-12-02,4.95,5.244,4.77,5.11,41722.0
2016-12-05,5.11,5.37,4.9,4.9,74532.0
2016-12-06,4.9988,5.0,4.76,4.76,4330.0
2016-12-07,4.78,5.3,4.596,5.14,44078.0
2016-12-08,5.25,5.5671,4.8987,5.25,95237.0
2016-12-09,5.17,5.19,4.66,5.04,13822.0
2016-12-12,4.92,5.12,4.84,4.99,20264.0
2016-12-13,5.015,5.1,4.9407,5.1,14401.0
2016-12-14,5.0,5.25,4.66,4.66,29625.0
2016-12-15,4.68,4.89,4.67,4.84,14247.0
2016-12-16,4.81,4.81,4.5273,4.72,9696.0
2016-12-19,4.83,4.83,4.4903,4.78,31451.0
2016-12-20,4.74,4.74,4.42,4.44,17830.0
2016-12-21,4.42,4.5,4.27,4.47,23986.0
2016-12-22,4.67,4.7,4.4005,4.67,35478.0
2016-12-23,4.55,4.65,4.4175,4.51,4138.0
2016-12-27,4.421,4.732,4.16,4.21,10087.0
2016-12-28,4.185,4.5437,4.1588,4.47,21495.0
2016-12-29,4.47,4.5787,4.19,4.2,33344.0
2016-12-30,4.22,4.3548,4.15,4.23,28925.0
2017-01-03,4.2399,4.49,4.13,4.3,27723.0
2017-01-04,4.3326,4.45,4.27,4.45,7094.0
2017-01-05,4.37,4.4,4.06,4.4,24070.0
2017-01-06,4.48,4.5985,4.29,4.37,25033.0
2017-01-09,4.4,4.56,4.1735,4.56,5659.0
2017-01-10,4.2536,4.54,4.2536,4.4968,1948.0
2017-01-11,4.2637,5.3,4.2,5.15,207410.0
2017-01-12,4.92,5.6181,4.57,4.61,88091.0
2017-01-13,4.58,4.8,4.4,4.4565,9667.0
2017-01-17,4.43,4.7166,4.4211,4.53,13181.0
2017-01-18,4.7,4.76,4.26,4.27,16254.0
2017-01-19,4.3999,4.53,4.3,4.35,9660.0
2017-01-20,4.21,4.51,4.21,4.51,29649.0
2017-01-23,4.57,4.65,4.27,4.27,31618.0
2017-01-24,4.15,4.2085,4.03,4.19,7939.0
2017-01-25,4.3764,4.3764,4.13,4.18,6913.0
2017-01-26,4.3554,4.3554,4.1,4.198,1867.0
2017-01-27,4.14,4.14,4.0522,4.08,1327.0
2017-01-30,4.19,4.2659,4.08,4.25,7207.0
2017-01-31,4.2349,4.24,4.12,4.15,5709.0
2017-02-01,4.12,4.68,4.04,4.68,32938.0
2017-02-02,4.5,4.51,4.07,4.36,18675.0
2017-02-03,4.3,4.56,4.12,4.13,12391.0
2017-02-06,4.1478,4.26,4.13,4.1899,13414.0
2017-02-07,4.2,4.2,4.1064,4.17,21581.0
2017-02-08,4.15,4.43,4.05,4.07,84754.0
2017-02-09,4.09,4.14,4.05,4.1,12774.0
2017-02-10,4.15,4.16,4.07,4.14,8472.0
2017-02-13,4.1215,4.1215,4.08,4.08,3337.0
2017-02-14,4.086,4.09,3.64,3.75,27955.0
2017-02-15,3.6,3.85,3.6,3.8,8423.0
2017-02-16,3.9,3.9,3.619,3.71,6716.0
2017-02-17,3.65,3.92,3.46,3.57,28671.0
2017-02-21,3.5701,3.61,3.44,3.44,6967.0
2017-02-22,3.37,3.39,3.228,3.37,5058.0
2017-02-23,3.3542,3.3885,3.24,3.3885,2746.0
2017-02-24,3.26,3.41,3.26,3.41,3171.0
2017-02-27,3.31,3.31,3.16,3.22,3412.0
2017-02-28,3.23,3.3,2.81,2.8875,5540.0
2017-03-01,3.1842,3.1842,2.81,2.83,5913.0
2017-03-02,2.999,3.14,2.84,3.0,30965.0
2017-03-03,3.1,3.1,2.88,2.88,24517.0
2017-03-06,2.9811,3.15,2.93,3.15,36874.0
2017-03-07,3.17,3.56,3.15,3.21,77833.0
2017-03-08,3.2232,3.246,3.2038,3.2038,1242.0
2017-03-09,3.3624,3.3624,3.294,3.335,1135.0
2017-03-10,3.3556,3.3612,3.3,3.3,3542.0
2017-03-13,3.5699,3.5699,2.97,3.25,56535.0
2017-03-14,3.3514,3.489,3.2629,3.36,20457.0
2017-03-15,3.28,3.33,3.05,3.27,21244.0
2017-03-16,3.27,3.3,3.23,3.3,19392.0
2017-03-17,3.04,3.3,3.04,3.29,9902.0
2017-03-20,3.25,3.49,3.23,3.4748,10690.0
2017-03-21,3.14,3.53,3.14,3.28,10400.0
2017-03-22,3.321,3.3404,3.32,3.3302,4840.0
2017-03-23,3.29,3.37,3.17,3.27,8460.0
2017-03-24,3.32,3.39,3.3,3.3,4362.0
2017-03-27,3.3651,3.55,3.35,3.52,19818.0
2017-03-28,3.56,3.56,3.4,3.47,1727.0
2017-03-29,3.42,3.5327,3.32,3.49,8728.0
2017-03-30,3.33,3.33,3.33,3.33,104.0
2017-03-31,3.39,3.46,3.37,3.46,7252.0
2017-04-03,3.68,3.68,3.43,3.57,8344.0
2017-04-04,3.72,4.2,3.36,4.06,140269.0
2017-04-05,4.29,4.85,3.66,3.66,163422.0
2017-04-06,3.76,4.0063,3.45,3.85,50855.0
2017-04-07,4.0,4.39,3.79,3.86,78044.0
2017-04-10,3.86,4.1258,3.793,3.9,26286.0
2017-04-11,3.9371,4.0662,3.83,3.83,15208.0
2017-04-12,3.8015,3.8694,3.5,3.51,21165.0
2017-04-13,3.51,3.628,3.51,3.56,6490.0
2017-04-17,3.6032,3.6504,3.59,3.59,8720.0
2017-04-18,3.59,3.65,3.59,3.65,9225.0
2017-04-19,3.61,3.69,3.59,3.69,6103.0
2017-04-20,3.69,3.75,3.5,3.7,24307.0
2017-04-21,3.65,3.7512,3.58,3.58,16297.0
2017-04-24,3.74,3.88,3.7,3.75,21370.0
2017-04-25,3.66,3.9,3.55,3.8,27559.0
2017-04-26,3.89,4.1,3.8,3.85,21539.0
2017-04-27,3.7501,3.99,3.7501,3.94,17466.0
2017-04-28,3.83,3.92,3.58,3.69,24791.0
2017-05-01,3.69,3.98,3.69,3.74,12720.0
2017-05-02,3.8264,3.8264,3.6,3.72,27262.0
2017-05-03,3.97,3.97,3.65,3.65,22669.0
2017-05-04,3.61,3.62,3.6,3.61,3541.0
2017-05-05,3.6,3.73,3.55,3.66,14185.0
2017-05-08,3.57,3.73,3.57,3.73,14397.0
2017-05-09,3.57,4.0,3.57,3.82,51100.0
2017-05-10,3.9,3.97,3.672,3.85,13818.0
2017-05-11,3.72,3.902,3.58,3.64,28264.0
2017-05-12,3.6291,3.67,3.6291,3.65,1985.0
2017-05-15,3.81,3.85,3.57,3.6021,6635.0
2017-05-16,3.6298,3.802,3.62,3.62,2635.0
2017-05-17,3.59,3.59,3.55,3.55,8264.0
2017-05-18,3.5001,3.51,3.5,3.5,6179.0
2017-05-19,3.45,3.7101,3.45,3.5,11743.0
2017-05-22,3.51,3.5273,3.17,3.17,4383.0
2017-05-23,3.35,3.54,3.23,3.23,6065.0
2017-05-24,3.38,3.38,3.2013,3.25,4680.0
2017-05-25,3.33,3.3401,3.2,3.23,12470.0
2017-05-26,3.16,3.16,3.05,3.0728,8999.0
2017-05-30,3.186,3.31,3.1194,3.29,22168.0
2017-05-31,3.2014,3.21,3.2014,3.21,719.0
2017-06-01,3.2501,3.36,3.2501,3.3058,1090.0
2017-06-02,3.37,3.44,3.22,3.43,3265.0
2017-06-05,3.2501,3.2501,3.2501,3.2501,152.0
2017-06-06,3.4196,3.68,3.2116,3.6799,21324.0
2017-06-07,3.57,3.7874,3.551,3.67,10579.0
2017-06-08,3.59,3.7,3.4101,3.4101,1061.0
2017-06-09,3.3,3.3133,3.29,3.29,1330.0
2017-06-12,3.3,3.53,3.29,3.45,12405.0
2017-06-13,3.53,3.69,3.52,3.66,5119.0
2017-06-14,3.447,3.73,3.447,3.69,15431.0
2017-06-15,3.6209,3.9028,3.6209,3.7,19620.0
2017-06-16,3.9,3.9,3.67,3.67,621.0
2017-06-19,3.66,3.782,3.4469,3.54,23733.0
2017-06-20,3.8,3.85,3.555,3.85,10460.0
2017-06-21,3.7467,3.9354,3.7467,3.78,15807.0
2017-06-22,3.85,3.8951,3.85,3.85,6123.0
2017-06-23,3.82,3.8728,3.82,3.8728,1422.0
2017-06-26,3.8728,3.8728,3.8728,3.8728,1.0
2017-06-27,3.84,3.84,3.79,3.79,234.0
2017-06-28,3.8399,3.91,3.801,3.84,4521.0
2017-06-29,3.86,3.866,3.7501,3.8,4472.0
2017-06-30,3.77,3.83,3.5553,3.83,22778.0
2017-07-03,3.78,3.96,3.78,3.81,34590.0
2017-07-05,3.78,3.89,3.78,3.83,9635.0
2017-07-06,3.8,3.8,3.67,3.74,7302.0
2017-07-07,3.7944,3.99,3.62,3.66,4713.0
2017-07-10,3.5746,3.99,3.5746,3.99,25303.0
2017-07-11,3.93,3.9601,3.82,3.82,26194.0
2017-07-12,3.96,3.99,3.72,3.8,4957.0
2017-07-13,3.86,3.94,3.73,3.83,28745.0
2017-07-14,3.9,3.9526,3.7,3.81,26609.0
2017-07-17,3.86,3.95,3.76,3.76,14191.0
2017-07-18,3.76,3.88,3.71,3.88,9315.0
2017-07-19,3.8511,4.1,3.7654,3.95,53697.0
2017-07-20,3.95,3.95,3.95,3.95,159.0
2017-07-21,3.9579,4.0,3.8,3.83,21787.0
2017-07-24,3.9,3.9,3.8,3.82,1990.0
2017-07-25,3.86,3.93,3.51,3.93,17754.0
2017-07-26,3.92,4.08,3.81,3.81,34886.0
2017-07-27,3.82,3.97,3.74,3.74,2929.0
2017-07-28,3.84,3.84,3.6,3.77,17757.0
2017-07-31,3.82,3.8693,3.72,3.72,15421.0
2017-08-01,3.8451,3.89,3.66,3.83,6740.0
2017-08-02,3.7,3.82,3.7,3.82,501.0
2017-08-03,3.82,3.9,3.51,3.75,20559.0
2017-08-04,3.78,3.9225,3.69,3.83,19781.0
2017-08-07,3.7,4.03,3.58,3.61,12868.0
2017-08-08,3.68,3.8,3.6,3.6,18857.0
2017-08-09,3.55,3.71,3.5,3.7,26120.0
2017-08-10,3.6,3.76,3.5,3.76,25559.0
2017-08-11,3.6,3.67,3.2,3.2,44618.0
2017-08-14,3.27,3.4266,3.27,3.4,1481.0
2017-08-15,3.31,3.34,3.16,3.16,5166.0
2017-08-16,3.1,3.47,2.6302,3.26,44262.0
2017-08-17,3.4,3.6525,3.12,3.21,39783.0
2017-08-18,3.23,3.23,3.0101,3.02,5823.0
2017-08-21,3.09,3.34,3.09,3.26,6713.0
2017-08-22,3.21,3.6,3.03,3.58,21242.0
2017-08-23,3.5,3.702,3.21,3.27,35362.0
2017-08-24,3.24,3.46,3.2001,3.425,24792.0
2017-08-25,3.42,3.504,3.2801,3.38,21328.0
2017-08-28,3.3001,3.5043,3.28,3.35,23722.0
2017-08-29,3.35,3.4,3.2867,3.35,12313.0
2017-08-30,3.39,3.4135,3.301,3.31,7540.0
2017-08-31,3.3,3.446,3.26,3.32,8551.0
2017-09-01,3.27,3.43,3.27,3.37,19335.0
2017-09-05,3.5,3.68,3.2504,3.2504,35811.0
2017-09-06,3.35,3.55,3.3303,3.38,17675.0
2017-09-07,3.45,3.45,3.36,3.38,2634.0
2017-09-08,3.44,3.4936,3.0,3.25,29896.0
2017-09-11,3.31,3.53,3.12,3.1201,27601.0
2017-09-12,3.04,3.16,3.04,3.15,1712.0
2017-09-13,3.15,3.28,3.05,3.1,3493.0
2017-09-14,3.13,3.3888,2.8,3.0,15579.0
2017-09-15,3.08,3.1699,2.97,3.1699,4150.0
2017-09-18,3.1,3.24,2.96,3.01,7841.0
2017-09-19,3.06,3.11,3.06,3.1,4736.0
2017-09-20,3.0066,3.01,2.91,2.95,3205.0
2017-09-21,2.91,3.03,2.67,2.67,9344.0
2017-09-22,2.85,3.26,2.85,3.02,13761.0
2017-09-25,3.02,3.15,2.99,3.1301,9594.0
2017-09-26,3.1,3.1,2.92,2.92,4968.0
2017-09-27,2.959,2.959,2.959,2.959,172.0
2017-09-28,2.95,2.95,2.95,2.95,100.0
2017-09-29,2.91,2.91,2.9001,2.9001,660.0
2017-10-02,2.95,2.95,2.9133,2.9133,679.0
2017-10-03,2.9133,2.9133,2.9133,2.9133,98.0
2017-10-04,2.97,3.0092,2.9,2.9089,4861.0
2017-10-05,2.95,3.0,2.9455,3.0,2721.0
2017-10-06,2.86,3.95,2.86,3.4496,99184.0
2017-10-09,3.45,3.62,3.227,3.33,8571.0
2017-10-10,3.27,3.4112,3.11,3.25,8682.0
2017-10-11,3.15,3.44,3.1,3.25,3089.0
2017-10-12,3.26,3.33,3.0,3.33,4113.0
2017-10-13,3.022,3.24,2.96,3.02,11950.0
2017-10-16,3.1,3.37,3.09,3.3199,19198.0
2017-10-17,3.32,3.34,3.102,3.15,17586.0
2017-10-18,3.1217,3.1217,3.1217,3.1217,162.0
2017-10-19,3.1217,3.1217,3.1217,3.1217,22.0
2017-10-20,3.16,3.16,3.14,3.14,302.0
2017-10-23,3.28,3.28,3.15,3.2399,2218.0
2017-10-24,3.1708,3.24,3.1,3.23,2184.0
2017-10-25,3.11,3.2788,3.01,3.1264,7948.0
2017-10-26,3.24,3.63,3.05,3.15,66215.0
2017-10-27,3.15,3.25,3.11,3.12,3102.0
2017-10-30,3.18,3.25,3.13,3.16,5267.0
2017-10-31,3.16,3.45,3.16,3.39,16323.0
2017-11-01,3.3,3.38,3.18,3.38,14019.0
2017-11-02,3.39,3.39,3.25,3.35,4015.0
2017-11-03,3.2722,3.2722,3.17,3.17,760.0
2017-11-06,3.19,3.32,3.13,3.19,5036.0
2017-11-07,3.37,3.37,3.231,3.26,602.0
2017-11-08,3.2,8.0,3.18,5.59,1127609.0
2017-11-09,6.31,7.85,3.45,3.58,1034487.0
2017-11-10,3.6,4.03,3.33,3.88,122031.0
2017-11-13,3.835,4.25,3.5185,3.56,274401.0
2017-11-14,3.7,3.75,3.25,3.4,107570.0
2017-11-15,3.49,5.55,3.3,3.55,538299.0
2017-11-16,3.74,5.78,3.6383,4.18,642011.0
2017-11-17,4.15,4.37,3.72,4.0,119663.0
2017-11-20,3.97,4.22,3.76,4.0,54694.0
2017-11-21,4.12,4.2108,3.87,3.94,28231.0
2017-11-22,4.22,4.32,4.0,4.05,96399.0
2017-11-24,4.2,4.2,3.9301,3.9601,26816.0
2017-11-27,3.88,3.9458,3.7587,3.819,14116.0
2017-11-28,3.96,4.2646,3.78,4.01,102589.0
2017-11-29,3.98,4.06,3.82,3.83,12722.0
2017-11-30,3.8312,3.96,3.8312,3.87,8177.0
2017-12-01,3.8477,3.96,3.84,3.86,6464.0
2017-12-04,3.88,4.07,3.88,3.91,5099.0
2017-12-05,3.9024,4.0368,3.8553,3.8701,5909.0
2017-12-06,3.95,3.989,3.84,3.87,12859.0
2017-12-07,3.89,3.9499,3.84,3.84,11129.0
2017-12-08,3.86,3.8891,3.7084,3.72,7622.0
2017-12-11,3.7503,3.9,3.72,3.73,10242.0
2017-12-12,3.74,5.15,3.74,3.92,302045.0
2017-12-13,3.89,4.0152,3.75,3.91,28672.0
2017-12-14,3.8001,4.1237,3.8001,3.91,21254.0
2017-12-15,3.91,4.0299,3.89,3.98,6383.0
2017-12-18,4.06,4.19,3.9185,4.11,22085.0
2017-12-19,4.11,6.64,4.1,4.79,1315118.0
2017-12-20,4.5,4.699,4.3301,4.4,73186.0
2017-12-21,4.37,4.84,4.1,4.56,126774.0
2017-12-22,4.47,4.575,4.2801,4.45,29659.0
2017-12-26,4.2801,4.4999,4.2801,4.43,11418.0
2017-12-27,4.43,4.77,4.33,4.38,62797.0
2017-12-28,4.4,5.12,4.4,4.61,155473.0
2017-12-29,4.61,4.83,4.21,4.28,54116.0
2018-01-02,4.28,4.49,4.28,4.46,4234.0
2018-01-03,4.5153,5.4,4.33,4.59,171898.0
2018-01-04,4.78,5.99,4.46,4.99,644656.0
2018-01-05,4.95,5.6,4.78,5.27,124282.0
2018-01-08,5.55,5.5629,5.0,5.34,51159.0
2018-01-09,5.34,5.72,4.8944,5.38,122028.0
2018-01-10,5.36,5.53,5.021,5.25,63517.0
2018-01-11,5.44,5.5999,5.16,5.28,23021.0
2018-01-12,5.22,6.11,5.2,5.68,115661.0
2018-01-16,5.58,6.5,5.2,5.36,62557.0
2018-01-17,5.64,5.7305,5.39,5.69,57558.0
2018-01-18,5.73,5.7402,5.51,5.74,17944.0
2018-01-19,5.71,6.3488,5.51,5.9,120378.0
2018-01-22,5.9,6.65,5.84,6.4,110398.0
2018-01-23,6.46,6.65,5.86,6.23,61468.0
2018-01-24,6.12,6.41,5.7,5.7,64344.0
2018-01-25,5.83,5.91,5.26,5.27,23897.0
2018-01-26,5.34,5.83,5.31,5.58,50360.0
2018-01-29,5.58,5.7577,5.2,5.22,22339.0
2018-01-30,5.1,5.29,4.64,4.6801,57147.0
2018-01-31,8.1,9.4,5.1601,5.35,1934256.0
2018-02-01,5.0,5.0999,4.64,4.99,107739.0
2018-02-02,4.96,5.1009,4.5,4.82,101152.0
2018-02-05,4.82,4.82,4.25,4.48,54284.0
2018-02-06,4.57,4.57,4.0001,4.33,16928.0
2018-02-07,4.43,4.43,4.22,4.22,9841.0
2018-02-08,4.23,4.71,3.98,3.98,14466.0
2018-02-09,3.96,4.0274,3.6,3.7,22668.0
2018-02-12,3.81,4.27,3.78,3.86,39970.0
2018-02-13,3.94,4.3182,3.84,4.0,30664.0
2018-02-14,4.0,4.3899,3.912,4.05,20223.0
2018-02-15,4.02,4.09,3.77,3.935,25670.0
2018-02-16,4.04,4.45,3.79,4.29,36148.0
2018-02-20,4.37,4.6999,4.1493,4.3,46173.0
2018-02-21,4.3,4.5,4.09,4.14,38946.0
2018-02-22,4.3,4.3,3.96,4.14,18190.0
2018-02-23,4.17,4.17,4.06,4.1251,5010.0
2018-02-26,4.13,4.16,4.06,4.08,9372.0
2018-02-27,4.1755,4.1755,4.0,4.13,6327.0
2018-02-28,4.05,4.07,3.9,3.92,3276.0
2018-03-01,3.97,4.17,3.9107,3.975,2253.0
2018-03-02,3.98,4.18,3.98,4.05,2915.0
2018-03-05,4.17,4.2131,4.11,4.11,1191.0
2018-03-06,4.15,4.15,4.0875,4.13,1070.0
2018-03-07,4.07,4.22,4.07,4.21,6808.0
2018-03-08,4.19,4.205,4.02,4.19,2744.0
2018-03-09,4.2,4.81,4.1245,4.41,94943.0
2018-03-12,4.36,4.36,4.0211,4.15,9903.0
2018-03-13,4.09,4.26,4.0601,4.08,5413.0
2018-03-14,4.25,4.3,4.09,4.27,23796.0
2018-03-15,4.26,4.9,4.21,4.34,157862.0
2018-03-16,4.36,4.57,4.318,4.39,7067.0
2018-03-19,4.39,4.46,4.19,4.43,34661.0
2018-03-20,4.41,4.6,4.28,4.43,14210.0
2018-03-21,4.49,4.8,4.48,4.6899,31091.0
2018-03-22,4.56,4.61,4.43,4.52,23549.0
2018-03-23,4.441,4.5698,4.38,4.495,11717.0
2018-03-26,4.4408,4.4476,4.38,4.38,10263.0
2018-03-27,4.45,4.45,4.18,4.19,6382.0
2018-03-28,4.15,4.42,4.15,4.38,10479.0
2018-03-29,4.39,4.5,4.39,4.42,11214.0
2018-04-02,4.36,4.62,4.36,4.46,11523.0
2018-04-03,4.46,4.53,4.32,4.32,8892.0
2018-04-04,4.1626,4.4,4.1626,4.4,5200.0
2018-04-05,4.36,4.46,4.25,4.25,9859.0
2018-04-06,4.4499,4.45,4.3993,4.44,7177.0
2018-04-09,4.59,7.69,4.53,5.12,1332683.0
2018-04-10,5.39,9.9,5.38,7.45,3944011.0
2018-04-11,7.23,9.6298,6.66,6.8,1920272.0
2018-04-12,7.26,7.78,6.23,6.58,422362.0
2018-04-13,6.57,6.7799,6.1,6.59,122568.0
2018-04-16,6.6,7.34,6.22,6.42,352302.0
2018-04-17,6.9,6.9,6.15,6.26,70835.0
2018-04-18,6.2,6.3189,5.76,5.95,40937.0
2018-04-19,5.99,6.1418,5.46,5.5,31775.0
2018-04-20,5.5676,5.5676,5.32,5.36,11084.0
2018-04-23,5.61,5.86,5.3344,5.58,43467.0
2018-04-24,5.62,6.1,5.6,5.88,57417.0
2018-04-25,6.0,6.57,5.8701,6.45,46264.0
2018-04-26,6.37,6.5,6.0278,6.13,18350.0
2018-04-27,6.28,6.44,6.25,6.34,6991.0
2018-04-30,6.47,6.652,6.16,6.17,7329.0
2018-05-01,6.3,6.32,5.9,5.92,9599.0
2018-05-02,5.91,6.45,5.91,6.29,9245.0
2018-05-03,6.14,6.787,6.0544,6.0544,25458.0
2018-05-04,6.07,6.2192,5.9832,6.2,6449.0
2018-05-07,6.134,6.8,6.134,6.3999,40136.0
2018-05-08,6.47,6.8,6.21,6.26,92590.0
2018-05-09,6.39,6.53,6.26,6.36,13922.0
2018-05-10,6.31,6.7738,6.3,6.35,26209.0
2018-05-11,6.29,6.4,6.26,6.38,7859.0
2018-05-14,6.44,6.58,6.38,6.4101,18228.0
2018-05-15,6.4421,6.9559,6.4,6.41,44198.0
2018-05-16,6.5289,6.68,6.4,6.4,4762.0
2018-05-17,6.4,6.65,5.8,6.4,46121.0
2018-05-18,6.4,7.45,6.39,6.74,110586.0
2018-05-21,6.95,7.2,6.8099,6.81,17058.0
2018-05-22,6.81,7.2,6.81,7.04,16448.0
2018-05-23,7.18,8.1,6.65,7.7384,70594.0
2018-05-24,7.79,8.49,7.5,7.53,37354.0
2018-05-25,7.55,7.9,7.29,7.8,11412.0
2018-05-29,7.77,7.83,7.2801,7.76,13121.0
2018-05-30,7.57,7.951,7.4201,7.65,32752.0
2018-05-31,7.3499,7.69,7.3499,7.38,11025.0
2018-06-01,7.74,8.0443,7.37,7.6197,25820.0
2018-06-04,7.61,7.61,7.43,7.55,3426.0
2018-06-05,7.65,7.8802,7.511,7.55,33996.0
2018-06-06,7.8044,8.25,7.5001,7.58,60128.0
2018-06-07,7.78,8.1,7.59,7.6,15107.0
2018-06-08,7.73,7.9003,7.6827,7.79,4663.0
2018-06-11,7.73,8.05,7.5627,7.7242,50343.0
2018-06-12,7.85,9.0,7.81,8.2347,73297.0
2018-06-13,8.29,8.8052,8.1,8.32,9876.0
2018-06-14,8.2782,8.6728,8.1981,8.6,11540.0
2018-06-15,8.6,8.81,8.2241,8.75,17034.0
2018-06-18,8.78,9.1,8.58,8.77,19350.0
2018-06-19,8.89,9.1113,8.8,8.82,6813.0
2018-06-20,8.75,8.75,8.04,8.3,9056.0
2018-06-21,8.25,9.11,8.25,8.64,8223.0
2018-06-22,8.45,8.6714,8.33,8.57,7384.0
2018-06-25,8.41,8.533,8.2028,8.4855,11036.0
2018-06-26,8.34,8.786,8.1,8.59,33674.0
2018-06-27,8.579,8.579,7.72,7.781,17607.0
2018-06-28,7.7235,8.83,7.4632,7.55,36850.0
2018-06-29,7.5938,7.7,7.5938,7.63,2894.0
2018-07-02,7.7,8.14,7.36,7.5,35919.0
2018-07-03,7.59,7.59,7.18,7.19,3973.0
2018-07-05,7.0484,7.15,6.88,6.91,8860.0
2018-07-06,6.7973,6.9073,6.26,6.8,17227.0
2018-07-09,7.0,7.5,6.785,7.14,24046.0
2018-07-10,6.56,7.4629,6.52,6.66,15394.0
2018-07-11,6.55,7.09,6.37,6.37,8469.0
2018-07-12,6.85,6.94,6.37,6.47,6624.0
2018-07-13,6.45,6.78,6.45,6.71,9141.0
2018-07-16,6.45,6.65,6.0248,6.36,37678.0
2018-07-17,6.6901,6.7069,6.08,6.6165,10800.0
2018-07-18,6.42,6.6965,6.16,6.34,30987.0
2018-07-19,6.193,6.6,6.06,6.3,14388.0
2018-07-20,6.24,6.64,6.08,6.44,47925.0
2018-07-23,6.4,6.71,6.4,6.71,8333.0
2018-07-24,6.71,7.08,6.4833,6.75,12397.0
2018-07-25,6.8027,7.13,6.501,7.1265,4938.0
2018-07-26,6.88,7.5323,6.88,7.21,19855.0
2018-07-27,7.1363,7.2,6.66,7.16,3185.0
2018-07-30,7.1465,7.47,6.7489,7.2,4295.0
2018-07-31,7.1178,7.5952,7.0011,7.3698,4420.0
2018-08-01,7.21,8.15,7.21,7.66,8588.0
2018-08-02,7.54,7.91,7.44,7.64,4473.0
2018-08-03,7.5,7.5,7.12,7.45,4334.0
2018-08-06,7.77,7.77,6.7025,7.2,12910.0
2018-08-07,7.31,7.45,6.95,7.2,4761.0
2018-08-08,7.23,7.28,6.8101,7.1,6104.0
2018-08-09,7.11,7.2975,7.08,7.2,2116.0
2018-08-10,7.26,7.47,7.26,7.445,1678.0
2018-08-13,7.41,7.49,7.1365,7.49,4041.0
2018-08-14,7.27,7.45,7.16,7.16,1391.0
2018-08-15,7.0001,7.2548,7.0001,7.2534,1714.0
2018-08-16,7.4,7.5,7.1,7.5,7748.0
2018-08-17,7.15,7.47,6.9235,7.04,7217.0
2018-08-20,7.13,7.4773,7.0611,7.43,6205.0
2018-08-21,7.31,7.4265,7.01,7.1,2815.0
2018-08-22,7.39,8.4696,6.49,6.635,128223.0
2018-08-23,6.58,6.9989,6.5001,6.63,36291.0
2018-08-24,6.75,6.98,6.6,6.775,29946.0
2018-08-27,7.47,7.8912,6.8153,7.54,71747.0
2018-08-28,7.69,7.75,7.3528,7.7,18670.0
2018-08-29,7.64,7.72,7.4,7.47,9900.0
2018-08-30,7.4,7.68,7.4,7.59,7045.0
2018-08-31,7.6,7.73,7.5,7.68,6632.0
2018-09-04,7.65,7.83,7.55,7.7,8308.0
2018-09-05,7.65,7.78,7.438,7.59,3477.0
2018-09-06,7.54,7.59,6.96,6.98,13066.0
2018-09-07,7.38,7.649,6.991,7.57,6128.0
2018-09-10,7.55,7.85,7.5,7.7,3323.0
2018-09-11,7.74,7.74,7.035,7.55,8154.0
2018-09-12,7.59,7.7,7.35,7.67,4947.0
