ticker,name,category,marketCap
1COV.DE,1COV,large,
AAL.L,AAL,unclassified,
AAL.OQ,AAL,unclassified,
AAPL.OQ,AAPL,large,
ABBV.N,ABBV,unclassified,
ABF.L,ABF,unclassified,
ABI.BR,ABI,unclassified,
ABNB.OQ,ABNB,large,
ABT.N,ABT,large,
ACS.MC,ACS,large,
ADBE.OQ,ADBE,large,
ADI.OQ,ADI,unclassified,
ADM.N,ADM,large,
ADP.OQ,ADP,large,
ADS.DE,ADS,large,
ADSK.OQ,ADSK,unclassified,
ADYEN.AS,ADYEN,unclassified,
AEP.OQ,AEP,mid,
AEX.AS,AEX,unclassified,
AGN.AS,AGN,unclassified,
AHT.L,AHT,large,
AIG.N,AIG,unclassified,
AIR.PA,AIR,large,
AIRF.PA,AIRF,unclassified,
AKZA.AS,AKZA,unclassified,
ALGN.OQ,ALGN,unclassified,
ALL.N,ALL,unclassified,
ALV.DE,ALV,large,
ALV.PA,ALV,large,
ALVG.DE,ALVG,unclassified,
AMAT.OQ,AMAT,unclassified,
AMD.OQ,AMD,large,
AMGN.OQ,AMGN,large,
AMZN.OQ,AMZN,large,
ANA.MC,ANA,large,
ANSS.OQ,ANSS,unclassified,
ARGX.BR,ARGX,unclassified,
ASML.AS,ASML,large,
ASML.OQ,ASML,large,
ATVI.OQ,ATVI,unclassified,
AVGO.OQ,AVGO,large,
AXP.N,AXP,unclassified,
AZN.L,AZN,large,
AZN.N,AZN,large,
BA.L,BA,large,
BA.N,BA,large,
BABA.N,BABA,large,
BAC.N,BAC,large,
BARC.L,BARC,large,
BAS.DE,BAS,large,
BAYN.DE,BAYN,large,
BBVA.MC,BBVA,large,
BDEV.L,BDEV,large,
BDX.N,BDX,unclassified,
BEIG.DE,BEIG,unclassified,
BHP.L,BHP,unclassified,
BIDU.OQ,BIDU,large,
BIIB.OQ,BIIB,unclassified,
BKNG.OQ,BKNG,large,
BLND.L,BLND,large,
BMW.DE,BMW,large,
BNP.PA,BNP,unclassified,
BNPP.PA,BNPP,large,
BP.L,BP,large,
BPOST.BR,BPOST,unclassified,
BRBY.L,BRBY,unclassified,
BT.L,BT,large,
C.N,C,large,
CAP.PA,CAP,large,
CAT.N,CAT,large,
CB.N,CB,unclassified,
CBKG.DE,CBKG,large,
CCL.L,CCL,large,
CDNS.OQ,CDNS,unclassified,
CDW.OQ,CDW,unclassified,
CERN.OQ,CERN,unclassified,
CGC.N,CGC,mid,
CHKP.OQ,CHKP,unclassified,
CHTR.OQ,CHTR,large,
CLNX.MI,CLNX,unclassified,
CMCSA.OQ,CMCSA,large,
CNA.L,CNA,large,
COFB.BR,COFB,unclassified,
COLR.BR,COLR,unclassified,
CONG.DE,CONG,unclassified,
COST.OQ,COST,large,
CPG.L,CPG,large,
CPRT.OQ,CPRT,mid,
CQQQ.OQ,CQQQ,mid,
CRH.L,CRH,unclassified,
CRON.OQ,CRON,unclassified,
CRWD.OQ,CRWD,large,
CS.PA,CS,large,
CSCO.OQ,CSCO,large,
CTAS.OQ,CTAS,unclassified,
CTSH.OQ,CTSH,unclassified,
CVS.N,CVS,large,
CVX.N,CVX,unclassified,
DANO.PA,DANO,unclassified,
DBK.DE,DBK,large,
DD.N,DD,unclassified,
DE.N,DE,large,
DELL.N,DELL,unclassified,
DGE.L,DGE,large,
DHR.N,DHR,large,
DIS.N,DIS,large,
DLTR.OQ,DLTR,unclassified,
DOCU.OQ,DOCU,unclassified,
DOGE.OQ,DOGE,mid,
DOW.N,DOW,unclassified,
DSM.AS,DSM,unclassified,
DTE.DE,DTE,large,
DXCM.OQ,DXCM,mid,
EA.OQ,EA,unclassified,
EBAY.OQ,EBAY,unclassified,
EBR.BR,EBR,unclassified,
EL.PA,EL,large,
EMR.N,EMR,unclassified,
ENEL.MI,ENEL,large,
ENGI.PA,ENGI,unclassified,
ENI.MI,ENI,large,
EONGn.DE,EONGn,large,
EXC.OQ,EXC,mid,
EXPN.L,EXPN,large,
EZJ.L,EZJ,large,
F.N,F,unclassified,
FAST.OQ,FAST,mid,
FB.OQ,FB,unclassified,
FCA.MI,FCA,unclassified,
FCX.N,FCX,unclassified,
FDX.N,FDX,unclassified,
FER.MC,FER,large,
FISV.OQ,FISV,unclassified,
FLOW.AS,FLOW,unclassified,
FLTR.L,FLTR,large,
FME.DE,FME,large,
FORTUM.HE,FORTUM,unclassified,
FOX.OQ,FOX,unclassified,
FREG.DE,FREG,large,
FRES.L,FRES,large,
FTNT.OQ,FTNT,unclassified,
FXI.N,FXI,mid,
G.MI,G,large,
GBLB.BR,GBLB,unclassified,
GD.N,GD,unclassified,
GE.N,GE,large,
GILD.OQ,GILD,unclassified,
GLE.PA,GLE,large,
GLEN.L,GLEN,large,
GM.N,GM,unclassified,
GOOG.OQ,GOOG,large,
GOOGL.OQ,GOOGL,large,
GRF.MC,GRF,unclassified,
GS.N,GS,large,
GSK.L,GSK,large,
GSK.N,GSK,large,
HAL.N,HAL,large,
HAS.OQ,HAS,unclassified,
HD.N,HD,large,
HEI.DE,HEI,unclassified,
HEIA.AS,HEIA,unclassified,
HEIG.DE,HEIG,unclassified,
HEN3.DE,HEN3,unclassified,
HL.L,HL,unclassified,
HLMA.L,HLMA,large,
HLT.N,HLT,unclassified,
HON.N,HON,large,
HPQ.N,HPQ,unclassified,
HSBA.L,HSBA,large,
HSIC.OQ,HSIC,unclassified,
IAG.L,IAG,large,
IBE.MC,IBE,large,
IBM.N,IBM,large,
ICP.L,ICP,unclassified,
IDXX.OQ,IDXX,unclassified,
IFX.DE,IFX,large,
ILMN.OQ,ILMN,mid,
INCY.OQ,INCY,unclassified,
INGA.AS,INGA,unclassified,
INTC.OQ,INTC,large,
INTU.OQ,INTU,large,
ISP.MI,ISP,large,
ISRG.OQ,ISRG,large,
ITV.L,ITV,unclassified,
ITX.MC,ITX,large,
JCI.N,JCI,mid,
JD.L,JD,large,
JD.OQ,JD,large,
JET2.L,JET2,unclassified,
JNJ.N,JNJ,large,
JPM.N,JPM,large,
K.N,K,unclassified,
KBC.BR,KBC,unclassified,
KDP.OQ,KDP,unclassified,
KER.PA,KER,large,
KGF.L,KGF,unclassified,
KHC.OQ,KHC,large,
KLAC.OQ,KLAC,large,
KO.N,KO,large,
KONE.HE,KONE,unclassified,
KPN.AS,KPN,unclassified,
KWEB.OQ,KWEB,mid,
LAND.L,LAND,unclassified,
LDO.MI,LDO,unclassified,
LHA.DE,LHA,unclassified,
LHAG.DE,LHAG,unclassified,
LIN.DE,LIN,large,
LLOY.L,LLOY,large,
LLY.N,LLY,large,
LMT.N,LMT,unclassified,
LOW.N,LOW,large,
LR.PA,LR,unclassified,
LRCX.OQ,LRCX,large,
LULU.OQ,LULU,unclassified,
LVMH.PA,LVMH,large,
MA.N,MA,large,
MAP.MC,MAP,unclassified,
MAR.OQ,MAR,mid,
MC.PA,MC,large,
MCD.N,MCD,large,
MCHI.N,MCHI,mid,
MCHP.OQ,MCHP,unclassified,
MDLZ.N,MDLZ,large,
MDLZ.OQ,MDLZ,large,
MELI.OQ,MELI,unclassified,
MKS.L,MKS,large,
MMM.N,MMM,large,
MNDI.L,MNDI,large,
MNST.OQ,MNST,unclassified,
MO.N,MO,large,
MONC.MI,MONC,large,
MRK.DE,MRK,large,
MRK.N,MRK,large,
MRNA.OQ,MRNA,unclassified,
MRO.L,MRO,large,
MRVL.OQ,MRVL,unclassified,
MS.N,MS,large,
MSFT.OQ,MSFT,large,
MT.AS,MT,unclassified,
MTCH.OQ,MTCH,unclassified,
MTS.MC,MTS,unclassified,
MU.OQ,MU,large,
MUV2.DE,MUV2,large,
NDA.DE,NDA,large,
NDA.HE,NDA,large,
NEE.N,NEE,large,
NESTE.HE,NESTE,unclassified,
NFLX.OQ,NFLX,large,
NG.L,NG,unclassified,
NIO.N,NIO,mid,
NKE.N,NKE,large,
NN.AS,NN,unclassified,
NOC.N,NOC,unclassified,
NTES.OQ,NTES,large,
NVDA.OQ,NVDA,large,
NVO.N,NVO,unclassified,
NXPI.OQ,NXPI,unclassified,
NXT.L,NXT,large,
OCDO.L,OCDO,unclassified,
OKTA.OQ,OKTA,unclassified,
OML.L,OML,unclassified,
OR.PA,OR,large,
ORCL.N,ORCL,large,
ORIONB.HE,ORIONB,unclassified,
ORLY.OQ,ORLY,unclassified,
OXY.N,OXY,mid,
PAYX.OQ,PAYX,unclassified,
PCAR.OQ,PCAR,unclassified,
PDD.OQ,PDD,large,
PEP.N,PEP,large,
PEP.OQ,PEP,large,
PFE.N,PFE,large,
PFG.L,PFG,large,
PG.N,PG,large,
PHIA.AS,PHIA,large,
PNC.N,PNC,unclassified,
POLY.L,POLY,unclassified,
PROX.BR,PROX,unclassified,
PRU.L,PRU,large,
PRY.MI,PRY,large,
PSN.L,PSN,large,
PSX.N,PSX,mid,
PTON.OQ,PTON,mid,
PUB.PA,PUB,large,
PUMG.DE,PUMG,unclassified,
PYPL.OQ,PYPL,large,
QCOM.OQ,QCOM,large,
RACE.MI,RACE,unclassified,
RACE.N,RACE,unclassified,
RAND.AS,RAND,unclassified,
RDSA.AS,RDSA,large,
REE.MC,REE,unclassified,
REGN.OQ,REGN,mid,
REL.L,REL,large,
REP.MC,REP,large,
RIO.L,RIO,unclassified,
RMS.PA,RMS,large,
ROST.OQ,ROST,unclassified,
RRTL.DE,RRTL,large,
RTX.N,RTX,large,
RWE.DE,RWE,large,
RWEG.DE,RWEG,unclassified,
SAMPO.HE,SAMPO,unclassified,
SAN.MC,SAN,large,
SAN.PA,SAN,large,
SAP.DE,SAP,large,
SAPG.DE,SAPG,unclassified,
SBRY.L,SBRY,unclassified,
SBUX.OQ,SBUX,large,
SDR.L,SDR,large,
SGEN.OQ,SGEN,large,
SGO.PA,SGO,large,
SGRE.MC,SGRE,unclassified,
SHEL.L,SHEL,large,
SHL.DE,SHL,unclassified,
SIE.DE,SIE,large,
SIRI.OQ,SIRI,unclassified,
SMIN.L,SMIN,unclassified,
SMT.L,SMT,large,
SN.L,SN,large,
SNPS.OQ,SNPS,unclassified,
SNY.N,SNY,unclassified,
SO.N,SO,unclassified,
SOGN.PA,SOGN,unclassified,
SOLB.BR,SOLB,unclassified,
SONY.N,SONY,unclassified,
SPLK.OQ,SPLK,unclassified,
SPM.MI,SPM,large,
SPX.L,SPX,large,
SSE.L,SSE,large,
STLA.MI,STLA,large,
STM.PA,STM,unclassified,
SU.PA,SU,large,
SVS.L,SVS,large,
SWKS.OQ,SWKS,unclassified,
SYK.N,SYK,large,
T.N,T,unclassified,
TCEHY.OQ,TCEHY,mid,
TCOM.OQ,TCOM,unclassified,
TEAM.OQ,TEAM,unclassified,
TEF.MC,TEF,large,
TELIA1.HE,TELIA1,unclassified,
TEN.MI,TEN,large,
TEVA.P,TEVA,unclassified,
TIT.MI,TIT,large,
TKWY.AS,TKWY,unclassified,
TMO.N,TMO,large,
TMUS.OQ,TMUS,large,
TNET.BR,TNET,unclassified,
TOTF.PA,TOTF,unclassified,
TRN.L,TRN,unclassified,
TRN.MI,TRN,unclassified,
TSCO.L,TSCO,unclassified,
TSLA.OQ,TSLA,large,
TUI.L,TUI,unclassified,
TW.L,TW,large,
TWTR.N,TWTR,unclassified,
TXN.OQ,TXN,large,
UBER.N,UBER,large,
UCG.MI,UCG,large,
ULTA.OQ,ULTA,unclassified,
ULVR.L,ULVR,large,
UMIC.BR,UMIC,unclassified,
UNA.AS,UNA,unclassified,
UNH.N,UNH,large,
UNI.MI,UNI,unclassified,
UNP.N,UNP,large,
UP.HE,UP,unclassified,
UPM.HE,UPM,unclassified,
UPS.N,UPS,large,
USB.N,USB,unclassified,
UTX.N,UTX,unclassified,
UU.L,UU,large,
V.N,V,large,
VALMT.HE,VALMT,unclassified,
VAR1.DE,VAR1,unclassified,
VGP.BR,VGP,unclassified,
VIE.PA,VIE,unclassified,
VIV.PA,VIV,unclassified,
VOD.L,VOD,unclassified,
VOW3.DE,VOW3,large,
VPK.AS,VPK,unclassified,
VRSK.OQ,VRSK,unclassified,
VRTX.OQ,VRTX,unclassified,
VTY.L,VTY,unclassified,
VZ.N,VZ,large,
WBA.N,WBA,unclassified,
WBA.OQ,WBA,unclassified,
WCR.PA,WCR,large,
WDAY.OQ,WDAY,large,
WDP.AS,WDP,unclassified,
WDP.BR,WDP,unclassified,
WEIR.L,WEIR,large,
WFC.N,WFC,unclassified,
WHR.L,WHR,unclassified,
WHR.N,WHR,unclassified,
WIZZ.L,WIZZ,unclassified,
WKL.AS,WKL,unclassified,
WMT.N,WMT,large,
WPG.L,WPG,large,
WPP.L,WPP,large,
WRT1V.HE,WRT1V,large,
WTB.L,WTB,large,
XEL.N,XEL,unclassified,
XEL.OQ,XEL,unclassified,
XOM.N,XOM,large,
ZALG.DE,ZALG,unclassified,
ZM.OQ,ZM,large,
ZS.OQ,ZS,large,
ZTS.N,ZTS,mid,
