Contract Symbol,Last Price,Bid,Ask,Last Trade Date,Expiry,Strike,Option Type,Open Interest,Volume,Implied Volatility,Spot Price,Discount Rate,Direct Discount Rate,Smooth Discount Rate
MCD260501C00170000,0.0,119.95,122.55,2026-04-28 13:28:43.953553,2026-05-01,170.0,call,0.0,0.0,2.7593,292.0,0.045,0.045,0.045
MCD260501P00170000,0.0,0.0,0.01,2026-04-28 13:28:43.953667,2026-05-01,170.0,put,0.0,0.0,1.5688,292.0,0.045,0.045,0.045
MCD260501C00180000,122.3,109.85,112.6,2026-04-22 10:59:58.000000,2026-05-01,180.0,call,6.0,0.0,2.4831,292.0,0.045,0.045,0.045
MCD260501P00180000,0.0,0.0,0.01,2026-04-28 13:28:43.953790,2026-05-01,180.0,put,0.0,0.0,1.4102,292.0,0.045,0.045,0.045
MCD260501C00190000,112.33,99.6,102.6,2026-04-22 11:00:19.000000,2026-05-01,190.0,call,6.0,0.0,2.2737,292.0,0.045,0.045,0.045
MCD260501P00190000,0.0,0.0,0.01,2026-04-28 13:28:43.953863,2026-05-01,190.0,put,0.0,0.0,1.2597,292.0,0.045,0.045,0.045
MCD260501C00195000,107.35,95.0,97.55,2026-04-22 11:00:19.000000,2026-05-01,195.0,call,1.0,0.0,2.1281,292.0,0.045,0.045,0.045
MCD260501P00195000,0.0,0.0,0.01,2026-04-28 13:28:43.953930,2026-05-01,195.0,put,0.0,0.0,1.1871,292.0,0.045,0.045,0.045
MCD260501C00200000,109.48,89.8,92.55,2026-04-20 11:56:05.000000,2026-05-01,200.0,call,1.0,0.0,1.9607,292.0,0.045,0.045,0.045
MCD260501P00200000,0.0,0.0,0.01,2026-04-28 13:28:43.953986,2026-05-01,200.0,put,0.0,0.0,1.1162,292.0,0.045,0.045,0.045
MCD260501C00205000,87.56,84.8,87.65,2026-04-27 15:18:39.000000,2026-05-01,205.0,call,1.0,4.0,1.8839,292.0,0.045,0.045,0.045
MCD260501P00205000,0.24,0.0,0.01,2026-04-27 12:55:03.000000,2026-05-01,205.0,put,4.0,12.0,1.0469,292.0,0.045,0.045,0.045
MCD260501C00210000,82.57,79.8,82.6,2026-04-27 15:18:39.000000,2026-05-01,210.0,call,0.0,4.0,1.7716,292.0,0.045,0.045,0.045
MCD260501P00210000,0.19,0.0,2.12,2026-03-25 12:14:28.000000,2026-05-01,210.0,put,2.0,0.0,1.9009,292.0,0.045,0.045,0.045
MCD260501C00215000,0.0,74.75,77.6,2026-04-28 13:28:43.954131,2026-05-01,215.0,call,0.0,0.0,1.6506,292.0,0.045,0.045,0.045
MCD260501P00215000,0.0,0.0,2.13,2026-04-28 13:28:43.954160,2026-05-01,215.0,put,0.0,0.0,1.7879,292.0,0.045,0.045,0.045
MCD260501C00220000,89.31,69.7,72.6,2026-04-20 11:56:43.000000,2026-05-01,220.0,call,0.0,0.0,1.5732,292.0,0.045,0.045,0.045
MCD260501P00220000,0.05,0.0,0.05,2026-04-21 09:42:47.000000,2026-05-01,220.0,put,11.0,0.0,0.9768,292.0,0.045,0.045,0.045
MCD260501C00225000,69.55,64.85,67.6,2026-04-27 12:52:56.000000,2026-05-01,225.0,call,0.0,4.0,1.4368,292.0,0.045,0.045,0.045
MCD260501P00225000,0.03,0.0,2.12,2026-04-23 15:42:01.000000,2026-05-01,225.0,put,2.0,0.0,1.5616,292.0,0.045,0.045,0.045
MCD260501C00230000,64.56,59.7,62.65,2026-04-27 12:52:56.000000,2026-05-01,230.0,call,0.0,4.0,1.3418,292.0,0.045,0.045,0.045
MCD260501P00230000,0.0,0.0,2.13,2026-04-28 13:28:43.954320,2026-05-01,230.0,put,0.0,0.0,1.4534,292.0,0.045,0.045,0.045
MCD260501C00235000,57.42,54.65,57.6,2026-04-27 15:27:50.000000,2026-05-01,235.0,call,0.0,1.0,1.2295,292.0,0.045,0.045,0.045
MCD260501P00235000,0.0,0.0,2.13,2026-04-28 13:28:43.954374,2026-05-01,235.0,put,0.0,0.0,1.345,292.0,0.045,0.045,0.045
MCD260501C00240000,52.52,50.25,52.65,2026-04-27 15:27:50.000000,2026-05-01,240.0,call,5.0,1.0,1.1975,292.0,0.045,0.045,0.045
MCD260501P00240000,0.03,0.0,0.5,2026-04-23 15:39:47.000000,2026-05-01,240.0,put,5.0,0.0,0.9361,292.0,0.045,0.045,0.045
MCD260501C00245000,68.34,45.15,47.6,2026-04-17 12:22:29.000000,2026-05-01,245.0,call,1.0,0.0,1.0788,292.0,0.045,0.045,0.045
MCD260501P00245000,0.17,0.0,0.83,2026-04-23 15:50:03.000000,2026-05-01,245.0,put,9.0,0.0,0.9285,292.0,0.045,0.045,0.045
MCD260501C00250000,0.0,40.2,42.6,2026-04-28 13:28:43.954510,2026-05-01,250.0,call,0.0,0.0,0.9885,292.0,0.045,0.045,0.045
MCD260501P00250000,0.68,0.0,2.13,2026-04-24 09:30:10.000000,2026-05-01,250.0,put,1.0,0.0,1.0253,292.0,0.045,0.045,0.045
MCD260501C00255000,0.0,35.1,37.7,2026-04-28 13:28:43.954566,2026-05-01,255.0,call,0.0,0.0,0.8728,292.0,0.045,0.045,0.045
MCD260501P00255000,0.04,0.0,0.17,2026-04-27 15:53:30.000000,2026-05-01,255.0,put,77.0,1.0,0.5732,292.0,0.045,0.045,0.045
MCD260501C00260000,0.0,30.1,32.6,2026-04-28 13:28:43.954621,2026-05-01,260.0,call,0.0,0.0,0.7588,292.0,0.045,0.045,0.045
MCD260501P00260000,0.04,0.0,0.05,2026-04-27 15:53:01.000000,2026-05-01,260.0,put,79.0,5.0,0.4265,292.0,0.045,0.045,0.045
MCD260501C00265000,0.0,25.2,27.65,2026-04-28 13:28:43.954674,2026-05-01,265.0,call,0.0,0.0,0.6723,292.0,0.045,0.045,0.045
MCD260501P00265000,0.21,0.0,0.58,2026-04-23 15:50:03.000000,2026-05-01,265.0,put,22.0,0.0,0.5223,292.0,0.045,0.045,0.045
MCD260501C00270000,33.41,20.25,22.7,2026-04-23 09:47:19.000000,2026-05-01,270.0,call,2.0,0.0,0.5769,292.0,0.045,0.045,0.045
MCD260501P00270000,0.06,0.02,0.1,2026-04-27 15:30:09.000000,2026-05-01,270.0,put,132.0,18.0,0.3316,292.0,0.045,0.045,0.045
MCD260501C00272500,0.0,17.8,19.85,2026-04-28 13:28:43.954782,2026-05-01,272.5,call,0.0,0.0,0.4974,292.0,0.045,0.045,0.045
MCD260501P00272500,0.1,0.06,0.17,2026-04-27 15:58:17.000000,2026-05-01,272.5,put,0.0,67.0,0.3278,292.0,0.045,0.045,0.045
MCD260501C00275000,19.26,15.35,16.35,2026-04-27 13:25:46.000000,2026-05-01,275.0,call,1.0,1.0,0.3482,292.0,0.045,0.045,0.045
MCD260501P00275000,0.16,0.11,0.21,2026-04-27 15:57:04.000000,2026-05-01,275.0,put,175.0,353.0,0.3062,292.0,0.045,0.045,0.045
MCD260501C00277500,14.37,12.85,15.35,2026-04-27 15:52:00.000000,2026-05-01,277.5,call,0.0,8.0,0.4325,292.0,0.045,0.045,0.045
MCD260501P00277500,0.25,0.19,0.64,2026-04-27 15:50:17.000000,2026-05-01,277.5,put,59.0,122.0,0.3286,292.0,0.045,0.045,0.045
MCD260501C00280000,11.27,10.55,11.6,2026-04-27 15:54:30.000000,2026-05-01,280.0,call,10.0,39.0,0.2984,292.0,0.045,0.045,0.045
MCD260501P00280000,0.39,0.3,0.6,2026-04-27 15:58:39.000000,2026-05-01,280.0,put,271.0,449.0,0.2861,292.0,0.045,0.045,0.045
MCD260501C00282500,9.12,8.3,9.95,2026-04-27 15:57:53.000000,2026-05-01,282.5,call,0.0,14.0,0.3184,292.0,0.045,0.045,0.045
MCD260501P00282500,0.51,0.53,0.62,2026-04-27 15:58:54.000000,2026-05-01,282.5,put,102.0,265.0,0.254,292.0,0.045,0.045,0.045
MCD260501C00285000,6.68,6.25,7.05,2026-04-27 15:57:53.000000,2026-05-01,285.0,call,0.0,42.0,0.2584,292.0,0.045,0.045,0.045
MCD260501P00285000,0.93,0.89,1.22,2026-04-27 15:58:47.000000,2026-05-01,285.0,put,394.0,789.0,0.2498,292.0,0.045,0.045,0.045
MCD260501C00287500,4.65,4.25,4.85,2026-04-27 15:57:53.000000,2026-05-01,287.5,call,0.0,11.0,0.2275,292.0,0.045,0.045,0.045
MCD260501P00287500,1.65,1.57,1.87,2026-04-27 15:59:50.000000,2026-05-01,287.5,put,452.0,1022.0,0.2468,292.0,0.045,0.045,0.045
MCD260501C00290000,3.3,3.05,3.3,2026-04-27 15:58:57.000000,2026-05-01,290.0,call,7.0,146.0,0.2374,292.0,0.045,0.045,0.045
MCD260501P00290000,2.62,2.54,2.73,2026-04-27 15:59:57.000000,2026-05-01,290.0,put,479.0,1334.0,0.236,292.0,0.045,0.045,0.045
MCD260501C00292500,2.09,1.86,2.13,2026-04-27 15:58:23.000000,2026-05-01,292.5,call,0.0,131.0,0.2343,292.0,0.045,0.045,0.045
MCD260501P00292500,3.9,3.9,4.2,2026-04-27 15:59:12.000000,2026-05-01,292.5,put,506.0,792.0,0.2396,292.0,0.045,0.045,0.045
MCD260501C00295000,1.2,1.09,1.26,2026-04-27 15:59:58.000000,2026-05-01,295.0,call,23.0,1775.0,0.2336,292.0,0.045,0.045,0.045
MCD260501P00295000,5.75,5.45,5.9,2026-04-27 15:59:50.000000,2026-05-01,295.0,put,736.0,701.0,0.2313,292.0,0.045,0.045,0.045
MCD260501C00297500,0.75,0.7,0.77,2026-04-27 15:58:08.000000,2026-05-01,297.5,call,79.0,279.0,0.2451,292.0,0.045,0.045,0.045
MCD260501P00297500,7.77,7.25,8.1,2026-04-27 15:55:00.000000,2026-05-01,297.5,put,271.0,197.0,0.2299,292.0,0.045,0.045,0.045
MCD260501C00300000,0.45,0.36,0.44,2026-04-27 15:59:36.000000,2026-05-01,300.0,call,240.0,3652.0,0.247,292.0,0.045,0.045,0.045
MCD260501P00300000,9.65,9.5,10.55,2026-04-27 15:59:41.000000,2026-05-01,300.0,put,641.0,397.0,0.2545,292.0,0.045,0.045,0.045
MCD260501C00302500,0.24,0.2,0.47,2026-04-27 15:59:51.000000,2026-05-01,302.5,call,327.0,396.0,0.279,292.0,0.045,0.045,0.045
MCD260501P00302500,11.95,11.25,12.9,2026-04-27 15:57:27.000000,2026-05-01,302.5,put,313.0,60.0,0.4980049761538927,292.0,0.045,0.045,0.045
MCD260501C00305000,0.15,0.03,0.18,2026-04-27 15:59:50.000000,2026-05-01,305.0,call,1544.0,2012.0,0.2532,292.0,0.045,0.045,0.045
MCD260501P00305000,14.38,13.2,15.35,2026-04-27 15:57:27.000000,2026-05-01,305.0,put,319.0,117.0,0.5223299455875641,292.0,0.045,0.045,0.045
MCD260501C00307500,0.08,0.04,0.16,2026-04-27 15:53:35.000000,2026-05-01,307.5,call,514.0,95.0,0.285,292.0,0.045,0.045,0.045
MCD260501P00307500,13.32,15.85,17.7,2026-04-27 13:39:40.000000,2026-05-01,307.5,put,66.0,2.0,0.5825118427700587,292.0,0.045,0.045,0.045
MCD260501C00310000,0.04,0.05,0.15,2026-04-27 15:59:40.000000,2026-05-01,310.0,call,1518.0,1140.0,0.3184,292.0,0.045,0.045,0.045
MCD260501P00310000,19.65,17.7,20.35,2026-04-27 15:59:43.000000,2026-05-01,310.0,put,350.0,50.0,0.6002056456688883,292.0,0.045,0.045,0.045
MCD260501C00312500,0.06,0.0,0.25,2026-04-27 15:57:27.000000,2026-05-01,312.5,call,291.0,108.0,0.3645,292.0,0.045,0.045,0.045
MCD260501P00312500,17.18,20.85,22.6,2026-04-27 11:00:57.000000,2026-05-01,312.5,put,91.0,4.0,0.6882173203009757,292.0,0.045,0.045,0.045
MCD260501C00315000,0.07,0.04,0.09,2026-04-27 15:53:52.000000,2026-05-01,315.0,call,416.0,243.0,0.3593,292.0,0.045,0.045,0.045
MCD260501P00315000,21.14,22.55,25.3,2026-04-27 13:34:37.000000,2026-05-01,315.0,put,63.0,35.0,0.6882870330447072,292.0,0.045,0.045,0.045
MCD260501C00317500,0.06,0.0,0.13,2026-04-27 15:52:03.000000,2026-05-01,317.5,call,57.0,62.0,0.3892,292.0,0.045,0.045,0.045
MCD260501P00317500,18.15,25.05,27.7,2026-04-24 15:59:10.000000,2026-05-01,317.5,put,41.0,0.0,0.7287117877300295,292.0,0.045,0.045,0.045
MCD260501C00320000,0.02,0.01,0.07,2026-04-27 15:42:09.000000,2026-05-01,320.0,call,806.0,124.0,0.3928,292.0,0.045,0.045,0.045
MCD260501P00320000,11.85,28.35,30.35,2026-04-20 12:07:18.000000,2026-05-01,320.0,put,0.0,0.0,0.8683683274269925,292.0,0.045,0.045,0.045
MCD260501C00322500,0.06,0.0,2.14,2026-04-24 15:36:01.000000,2026-05-01,322.5,call,134.0,0.0,0.7563,292.0,0.045,0.045,0.045
MCD260501P00322500,0.0,30.05,32.55,2026-04-28 13:28:43.989257,2026-05-01,322.5,put,0.0,0.0,0.8086504131951685,292.0,0.045,0.045,0.045
MCD260501C00325000,0.21,0.02,0.42,2026-04-27 15:58:34.000000,2026-05-01,325.0,call,272.0,8.0,0.5715,292.0,0.045,0.045,0.045
MCD260501P00325000,19.95,32.6,35.05,2026-04-08 11:03:39.000000,2026-05-01,325.0,put,0.0,0.0,0.8605321149024363,292.0,0.045,0.045,0.045
MCD260501C00327500,0.07,0.0,1.14,2026-04-24 10:11:50.000000,2026-05-01,327.5,call,128.0,0.0,0.723,292.0,0.045,0.045,0.045
MCD260501P00327500,0.0,35.05,37.75,2026-04-28 13:28:43.995705,2026-05-01,327.5,put,0.0,0.0,0.923296316292031,292.0,0.045,0.045,0.045
MCD260501C00330000,0.01,0.0,0.04,2026-04-27 11:55:59.000000,2026-05-01,330.0,call,219.0,124.0,0.4629,292.0,0.045,0.045,0.045
MCD260501P00330000,22.41,37.55,40.05,2026-04-10 10:01:38.000000,2026-05-01,330.0,put,0.0,0.0,0.9443413254844175,292.0,0.045,0.045,0.045
MCD260501C00332500,0.44,0.0,2.13,2026-04-17 11:10:59.000000,2026-05-01,332.5,call,4.0,0.0,0.912,292.0,0.045,0.045,0.045
MCD260501P00332500,0.0,40.1,42.55,2026-04-28 13:28:44.001210,2026-05-01,332.5,put,0.0,0.0,0.9941841376710996,292.0,0.045,0.045,0.045
MCD260501C00335000,0.02,0.0,0.32,2026-04-27 10:21:06.000000,2026-05-01,335.0,call,223.0,34.0,0.619,292.0,0.045,0.045,0.045
MCD260501P00335000,35.7,42.6,45.05,2026-04-24 15:59:10.000000,2026-05-01,335.0,put,0.0,0.0,1.0371654345670676,292.0,0.045,0.045,0.045
MCD260501C00337500,0.0,0.0,2.13,2026-04-28 13:28:44.003931,2026-05-01,337.5,call,0.0,0.0,0.9862,292.0,0.045,0.045,0.045
MCD260501P00337500,0.0,45.1,47.65,2026-04-28 13:28:44.006405,2026-05-01,337.5,put,0.0,0.0,1.0923760964169018,292.0,0.045,0.045,0.045
MCD260501C00340000,0.02,0.0,0.05,2026-04-21 15:13:58.000000,2026-05-01,340.0,call,18.0,0.0,0.5714,292.0,0.045,0.045,0.045
MCD260501P00340000,0.0,47.7,50.05,2026-04-28 13:28:44.008891,2026-05-01,340.0,put,0.0,0.0,1.134277049471054,292.0,0.045,0.045,0.045
MCD260501C00345000,0.2,0.0,2.13,2026-04-17 14:13:08.000000,2026-05-01,345.0,call,7.0,0.0,1.0931,292.0,0.045,0.045,0.045
MCD260501P00345000,0.0,52.6,55.05,2026-04-28 13:28:44.010886,2026-05-01,345.0,put,0.0,0.0,1.2023599753313852,292.0,0.045,0.045,0.045
MCD260501C00350000,0.02,0.0,2.13,2026-04-17 15:04:45.000000,2026-05-01,350.0,call,4.0,0.0,1.1618,292.0,0.045,0.045,0.045
MCD260501P00350000,0.0,57.6,60.05,2026-04-28 13:28:44.013004,2026-05-01,350.0,put,0.0,0.0,1.281364589154072,292.0,0.045,0.045,0.045
MCD260501C00355000,0.2,0.0,2.12,2026-04-27 15:01:44.000000,2026-05-01,355.0,call,1.0,1.0,1.2273,292.0,0.045,0.045,0.045
MCD260501P00355000,0.0,62.6,65.0,2026-04-28 13:28:44.015141,2026-05-01,355.0,put,0.0,0.0,1.3506480555304463,292.0,0.045,0.045,0.045
MCD260501C00360000,0.05,0.0,0.1,2026-04-27 09:34:40.000000,2026-05-01,360.0,call,60.0,2.0,0.8099,292.0,0.045,0.045,0.045
MCD260501P00360000,0.0,67.6,70.1,2026-04-28 13:28:44.017304,2026-05-01,360.0,put,0.0,0.0,1.4408809751002334,292.0,0.045,0.045,0.045
MCD260501C00365000,0.25,0.0,2.12,2026-04-27 15:03:38.000000,2026-05-01,365.0,call,0.0,2.0,1.3557,292.0,0.045,0.045,0.045
MCD260501P00365000,0.0,72.6,75.05,2026-04-28 13:28:44.019314,2026-05-01,365.0,put,0.0,0.0,1.506221559167995,292.0,0.045,0.045,0.045
MCD260501C00370000,0.21,0.0,0.56,2026-04-27 15:00:30.000000,2026-05-01,370.0,call,0.0,1.0,1.1219,292.0,0.045,0.045,0.045
MCD260501P00370000,0.0,77.6,80.05,2026-04-28 13:28:44.021239,2026-05-01,370.0,put,0.0,0.0,1.577587475421174,292.0,0.045,0.045,0.045
MCD260501C00375000,0.03,0.0,0.05,2026-04-21 12:50:21.000000,2026-05-01,375.0,call,30.0,0.0,0.8795,292.0,0.045,0.045,0.045
MCD260501P00375000,0.0,82.6,85.05,2026-04-28 13:28:44.023035,2026-05-01,375.0,put,0.0,0.0,1.6473465726812946,292.0,0.045,0.045,0.045
MCD260501C00380000,0.03,0.0,0.05,2026-04-21 12:49:19.000000,2026-05-01,380.0,call,20.0,0.0,0.9201,292.0,0.045,0.045,0.045
MCD260501P00380000,0.0,87.6,90.05,2026-04-28 13:28:44.024710,2026-05-01,380.0,put,0.0,0.0,1.7155929870635775,292.0,0.045,0.045,0.045
MCD260501C00385000,0.05,0.0,0.05,2026-04-22 09:43:41.000000,2026-05-01,385.0,call,11.0,0.0,0.96,292.0,0.045,0.045,0.045
MCD260501P00385000,0.0,92.6,94.95,2026-04-28 13:28:44.026584,2026-05-01,385.0,put,0.0,0.0,1.764325501729337,292.0,0.045,0.045,0.045
MCD260501C00390000,0.04,0.0,0.05,2026-04-27 15:03:33.000000,2026-05-01,390.0,call,11.0,1.0,0.9992,292.0,0.045,0.045,0.045
MCD260501P00390000,0.0,97.55,100.3,2026-04-28 13:28:44.028369,2026-05-01,390.0,put,0.0,0.0,1.883279037512395,292.0,0.045,0.045,0.045
MCD260501C00395000,0.05,0.0,0.05,2026-04-27 09:30:06.000000,2026-05-01,395.0,call,10.0,1.0,1.0377,292.0,0.045,0.045,0.045
MCD260501P00395000,0.0,102.6,104.95,2026-04-28 13:28:44.030295,2026-05-01,395.0,put,0.0,0.0,1.8931530259969511,292.0,0.045,0.045,0.045
MCD260501C00400000,0.03,0.0,0.05,2026-04-21 12:48:48.000000,2026-05-01,400.0,call,10.0,0.0,1.0756,292.0,0.045,0.045,0.045
MCD260501P00400000,0.0,107.6,109.95,2026-04-28 13:28:44.033923,2026-05-01,400.0,put,0.0,0.0,1.9557127021469856,292.0,0.045,0.045,0.045
MCD260501C00405000,0.02,0.0,2.12,2026-04-27 14:51:04.000000,2026-05-01,405.0,call,20.0,16.0,1.8146,292.0,0.045,0.045,0.045
MCD260501P00405000,0.0,112.6,115.05,2026-04-28 13:28:44.037090,2026-05-01,405.0,put,0.0,0.0,2.036734547092715,292.0,0.045,0.045,0.045
MCD260508C00170000,0.0,119.9,122.8,2026-04-28 13:28:44.037166,2026-05-08,170.0,call,0.0,0.0,1.6285,292.0,0.045,0.045,0.045
MCD260508P00170000,0.1,0.0,2.13,2026-04-27 11:15:32.000000,2026-05-08,170.0,put,0.0,4.0,1.7608,292.0,0.045,0.045,0.045
MCD260508C00180000,115.38,109.9,112.7,2026-04-27 11:33:55.000000,2026-05-08,180.0,call,0.0,2.0,1.4703,292.0,0.045,0.045,0.045
MCD260508P00180000,0.0,0.0,2.13,2026-04-28 13:28:44.037255,2026-05-08,180.0,put,0.0,0.0,1.5978,292.0,0.045,0.045,0.045
MCD260508C00190000,105.44,100.0,102.75,2026-04-27 11:34:17.000000,2026-05-08,190.0,call,1.0,6.0,1.3372,292.0,0.045,0.045,0.045
MCD260508P00190000,0.0,0.0,2.13,2026-04-28 13:28:44.037298,2026-05-08,190.0,put,0.0,0.0,1.4427,292.0,0.045,0.045,0.045
MCD260508C00195000,100.48,94.8,97.85,2026-04-27 11:34:31.000000,2026-05-08,195.0,call,1.0,6.0,1.2644,292.0,0.045,0.045,0.045
MCD260508P00195000,0.0,0.0,2.13,2026-04-28 13:28:44.037337,2026-05-08,195.0,put,0.0,0.0,1.3678,292.0,0.045,0.045,0.045
MCD260508C00200000,95.5,89.8,92.75,2026-04-27 11:34:31.000000,2026-05-08,200.0,call,0.0,2.0,1.1774,292.0,0.045,0.045,0.045
MCD260508P00200000,0.1,0.0,2.12,2026-04-27 11:54:59.000000,2026-05-08,200.0,put,0.0,1.0,1.2932,292.0,0.045,0.045,0.045
MCD260508C00205000,0.0,85.15,87.8,2026-04-28 13:28:44.037395,2026-05-08,205.0,call,0.0,0.0,1.1451,292.0,0.045,0.045,0.045
MCD260508P00205000,0.05,0.0,2.12,2026-04-27 10:47:21.000000,2026-05-08,205.0,put,0.0,2.0,1.2214,292.0,0.045,0.045,0.045
MCD260508C00210000,0.0,80.2,82.75,2026-04-28 13:28:44.037433,2026-05-08,210.0,call,0.0,0.0,1.0693,292.0,0.045,0.045,0.045
MCD260508P00210000,0.0,0.0,2.13,2026-04-28 13:28:44.037452,2026-05-08,210.0,put,0.0,0.0,1.152,292.0,0.045,0.045,0.045
MCD260508C00215000,0.0,75.05,77.05,2026-04-28 13:28:44.037471,2026-05-08,215.0,call,0.0,0.0,0.8606,292.0,0.045,0.045,0.045
MCD260508P00215000,0.0,0.0,2.13,2026-04-28 13:28:44.037490,2026-05-08,215.0,put,0.0,0.0,1.0827,292.0,0.045,0.045,0.045
MCD260508C00220000,0.0,70.25,72.8,2026-04-28 13:28:44.037510,2026-05-08,220.0,call,0.0,0.0,0.9599,292.0,0.045,0.045,0.045
MCD260508P00220000,0.0,0.0,2.14,2026-04-28 13:28:44.037524,2026-05-08,220.0,put,0.0,0.0,1.0154,292.0,0.045,0.045,0.045
MCD260508C00225000,70.41,65.35,67.85,2026-04-27 11:35:15.000000,2026-05-08,225.0,call,0.0,4.0,0.9048,292.0,0.045,0.045,0.045
MCD260508P00225000,0.0,0.0,0.5,2026-04-28 13:28:44.037550,2026-05-08,225.0,put,0.0,0.0,0.7282,292.0,0.045,0.045,0.045
MCD260508C00230000,65.45,60.45,62.8,2026-04-27 11:35:15.000000,2026-05-08,230.0,call,0.0,4.0,0.8393,292.0,0.045,0.045,0.045
MCD260508P00230000,0.06,0.0,0.05,2026-04-27 14:37:27.000000,2026-05-08,230.0,put,1.0,10.0,0.5051,292.0,0.045,0.045,0.045
MCD260508C00235000,0.0,55.2,57.85,2026-04-28 13:28:44.037588,2026-05-08,235.0,call,0.0,0.0,0.7648,292.0,0.045,0.045,0.045
MCD260508P00235000,0.09,0.02,0.35,2026-04-27 15:59:48.000000,2026-05-08,235.0,put,50.0,92.0,0.5924,292.0,0.045,0.045,0.045
MCD260508C00240000,0.0,50.35,52.85,2026-04-28 13:28:44.037612,2026-05-08,240.0,call,0.0,0.0,0.7062,292.0,0.045,0.045,0.045
MCD260508P00240000,0.09,0.0,0.26,2026-04-27 15:55:20.000000,2026-05-08,240.0,put,40.0,95.0,0.5142,292.0,0.045,0.045,0.045
MCD260508C00245000,0.0,45.35,47.9,2026-04-28 13:28:44.037636,2026-05-08,245.0,call,0.0,0.0,0.6478,292.0,0.045,0.045,0.045
MCD260508P00245000,0.11,0.04,0.7,2026-04-27 15:57:59.000000,2026-05-08,245.0,put,23.0,39.0,0.5516,292.0,0.045,0.045,0.045
MCD260508C00250000,0.0,40.3,42.95,2026-04-28 13:28:44.037660,2026-05-08,250.0,call,0.0,0.0,0.5933,292.0,0.045,0.045,0.045
MCD260508P00250000,0.17,0.04,0.25,2026-04-27 15:44:14.000000,2026-05-08,250.0,put,88.0,136.0,0.4247,292.0,0.045,0.045,0.045
MCD260508C00255000,0.0,35.25,38.05,2026-04-28 13:28:44.037686,2026-05-08,255.0,call,0.0,0.0,0.527,292.0,0.045,0.045,0.045
MCD260508P00255000,0.17,0.12,0.25,2026-04-27 15:53:14.000000,2026-05-08,255.0,put,156.0,90.0,0.3899,292.0,0.045,0.045,0.045
MCD260508C00260000,0.0,30.65,33.15,2026-04-28 13:28:44.037712,2026-05-08,260.0,call,0.0,0.0,0.5002,292.0,0.045,0.045,0.045
MCD260508P00260000,0.35,0.19,0.61,2026-04-27 15:53:21.000000,2026-05-08,260.0,put,303.0,126.0,0.3944,292.0,0.045,0.045,0.045
MCD260508C00265000,0.0,25.85,28.35,2026-04-28 13:28:44.037739,2026-05-08,265.0,call,0.0,0.0,0.4538,292.0,0.045,0.045,0.045
MCD260508P00265000,0.5,0.39,0.71,2026-04-27 15:54:31.000000,2026-05-08,265.0,put,53.0,83.0,0.3643,292.0,0.045,0.045,0.045
MCD260508C00267500,0.0,23.5,25.85,2026-04-28 13:28:44.037764,2026-05-08,267.5,call,0.0,0.0,0.4276,292.0,0.045,0.045,0.045
MCD260508P00267500,0.5,0.31,1.04,2026-04-27 13:48:30.000000,2026-05-08,267.5,put,2.0,3.0,0.3529,292.0,0.045,0.045,0.045
MCD260508C00270000,0.0,21.15,23.7,2026-04-28 13:28:44.037790,2026-05-08,270.0,call,0.0,0.0,0.416,292.0,0.045,0.045,0.045
MCD260508P00270000,0.78,0.65,0.88,2026-04-27 15:48:09.000000,2026-05-08,270.0,put,125.0,115.0,0.3337,292.0,0.045,0.045,0.045
MCD260508C00272500,0.0,18.45,20.65,2026-04-28 13:28:44.037814,2026-05-08,272.5,call,0.0,0.0,0.3477,292.0,0.045,0.045,0.045
MCD260508P00272500,0.97,0.71,1.31,2026-04-27 15:35:04.000000,2026-05-08,272.5,put,4.0,12.0,0.3281,292.0,0.045,0.045,0.045
MCD260508C00275000,20.44,16.25,19.25,2026-04-27 13:25:27.000000,2026-05-08,275.0,call,0.0,1.0,0.3694,292.0,0.045,0.045,0.045
MCD260508P00275000,1.27,1.06,1.4,2026-04-27 15:51:37.000000,2026-05-08,275.0,put,153.0,64.0,0.3147,292.0,0.045,0.045,0.045
MCD260508C00277500,0.0,14.55,16.35,2026-04-28 13:28:44.037862,2026-05-08,277.5,call,0.0,0.0,0.3453,292.0,0.045,0.045,0.045
MCD260508P00277500,1.63,1.43,1.79,2026-04-27 15:38:06.000000,2026-05-08,277.5,put,3.0,32.0,0.3093,292.0,0.045,0.045,0.045
MCD260508C00280000,14.5,12.65,14.35,2026-04-27 15:10:15.000000,2026-05-08,280.0,call,2.0,1.0,0.3406,292.0,0.045,0.045,0.045
MCD260508P00280000,2.13,1.92,2.3,2026-04-27 15:56:47.000000,2026-05-08,280.0,put,101.0,90.0,0.3049,292.0,0.045,0.045,0.045
MCD260508C00282500,0.0,10.7,11.45,2026-04-28 13:28:44.037911,2026-05-08,282.5,call,0.0,0.0,0.3021,292.0,0.045,0.045,0.045
MCD260508P00282500,2.35,2.47,3.15,2026-04-27 14:54:08.000000,2026-05-08,282.5,put,1.0,18.0,0.3057,292.0,0.045,0.045,0.045
MCD260508C00285000,0.0,9.3,9.75,2026-04-28 13:28:44.037936,2026-05-08,285.0,call,0.0,0.0,0.309,292.0,0.045,0.045,0.045
MCD260508P00285000,3.64,3.5,3.95,2026-04-27 15:59:54.000000,2026-05-08,285.0,put,166.0,112.0,0.31,292.0,0.045,0.045,0.045
MCD260508C00287500,8.5,7.65,8.15,2026-04-27 15:30:02.000000,2026-05-08,287.5,call,0.0,7.0,0.3033,292.0,0.045,0.045,0.045
MCD260508P00287500,4.62,4.4,4.9,2026-04-27 15:57:43.000000,2026-05-08,287.5,put,27.0,917.0,0.3065,292.0,0.045,0.045,0.045
MCD260508C00290000,6.55,6.15,6.8,2026-04-27 15:59:40.000000,2026-05-08,290.0,call,1.0,21.0,0.3,292.0,0.045,0.045,0.045
MCD260508P00290000,5.55,5.5,5.9,2026-04-27 15:54:32.000000,2026-05-08,290.0,put,214.0,160.0,0.3014,292.0,0.045,0.045,0.045
MCD260508C00292500,5.46,5.15,5.5,2026-04-27 15:54:22.000000,2026-05-08,292.5,call,1.0,15.0,0.3024,292.0,0.045,0.045,0.045
MCD260508P00292500,6.3,6.75,7.25,2026-04-27 15:14:24.000000,2026-05-08,292.5,put,43.0,89.0,0.3007,292.0,0.045,0.045,0.045
MCD260508C00295000,4.4,4.0,4.45,2026-04-27 15:52:08.000000,2026-05-08,295.0,call,16.0,128.0,0.2992,292.0,0.045,0.045,0.045
MCD260508P00295000,8.33,8.25,8.75,2026-04-27 15:58:34.000000,2026-05-08,295.0,put,382.0,457.0,0.3018,292.0,0.045,0.045,0.045
MCD260508C00297500,3.55,3.2,3.55,2026-04-27 15:55:30.000000,2026-05-08,297.5,call,4.0,32.0,0.3008,292.0,0.045,0.045,0.045
MCD260508P00297500,9.5,9.7,10.3,2026-04-27 15:37:10.000000,2026-05-08,297.5,put,22.0,28.0,0.2945,292.0,0.045,0.045,0.045
MCD260508C00300000,2.8,2.4,2.77,2026-04-27 15:51:09.000000,2026-05-08,300.0,call,41.0,92.0,0.2978,292.0,0.045,0.045,0.045
MCD260508P00300000,10.85,11.35,12.0,2026-04-27 15:21:17.000000,2026-05-08,300.0,put,208.0,80.0,0.2874,292.0,0.045,0.045,0.045
MCD260508C00302500,2.45,1.83,2.18,2026-04-27 15:21:21.000000,2026-05-08,302.5,call,26.0,43.0,0.2993,292.0,0.045,0.045,0.045
MCD260508P00302500,10.61,13.25,14.35,2026-04-27 11:49:14.000000,2026-05-08,302.5,put,69.0,9.0,0.2999,292.0,0.045,0.045,0.045
MCD260508C00305000,1.61,1.32,1.69,2026-04-27 15:58:49.000000,2026-05-08,305.0,call,41.0,103.0,0.2984,292.0,0.045,0.045,0.045
MCD260508P00305000,14.0,14.05,16.35,2026-04-27 15:13:55.000000,2026-05-08,305.0,put,119.0,41.0,0.2441,292.0,0.045,0.045,0.045
MCD260508C00307500,1.21,0.9,1.42,2026-04-27 15:55:24.000000,2026-05-08,307.5,call,25.0,45.0,0.3018,292.0,0.045,0.045,0.045
MCD260508P00307500,12.95,16.9,18.6,2026-04-27 10:02:18.000000,2026-05-08,307.5,put,16.0,3.0,0.2773,292.0,0.045,0.045,0.045
MCD260508C00310000,0.93,0.7,1.08,2026-04-27 15:55:57.000000,2026-05-08,310.0,call,246.0,126.0,0.3051,292.0,0.045,0.045,0.045
MCD260508P00310000,18.37,18.3,20.95,2026-04-27 15:13:55.000000,2026-05-08,310.0,put,77.0,7.0,0.39642738163138797,292.0,0.045,0.045,0.045
MCD260508C00312500,0.93,0.37,1.06,2026-04-27 14:49:54.000000,2026-05-08,312.5,call,23.0,93.0,0.3132,292.0,0.045,0.045,0.045
MCD260508P00312500,17.73,20.95,23.1,2026-04-27 11:00:57.000000,2026-05-08,312.5,put,4.0,4.0,0.4214889934228473,292.0,0.045,0.045,0.045
MCD260508C00315000,0.51,0.37,0.8,2026-04-27 15:58:32.000000,2026-05-08,315.0,call,344.0,117.0,0.3217,292.0,0.045,0.045,0.045
MCD260508P00315000,22.95,22.8,25.5,2026-04-27 14:52:51.000000,2026-05-08,315.0,put,16.0,35.0,0.42121026699087244,292.0,0.045,0.045,0.045
MCD260508C00317500,0.5,0.07,0.91,2026-04-27 13:42:40.000000,2026-05-08,317.5,call,8.0,9.0,0.3319,292.0,0.045,0.045,0.045
MCD260508P00317500,17.77,25.2,27.75,2026-04-24 11:21:15.000000,2026-05-08,317.5,put,1.0,0.0,0.4344464865419671,292.0,0.045,0.045,0.045
MCD260508C00320000,0.3,0.19,0.74,2026-04-27 15:40:34.000000,2026-05-08,320.0,call,376.0,142.0,0.3506,292.0,0.045,0.045,0.045
MCD260508P00320000,16.65,27.65,30.3,2026-04-23 10:26:37.000000,2026-05-08,320.0,put,4.0,0.0,0.4628192301824612,292.0,0.045,0.045,0.045
MCD260508C00322500,0.32,0.05,0.55,2026-04-27 14:22:10.000000,2026-05-08,322.5,call,11.0,29.0,0.3416,292.0,0.045,0.045,0.045
MCD260508P00322500,0.0,30.15,32.9,2026-04-28 13:28:44.048439,2026-05-08,322.5,put,0.0,0.0,0.4956318901536608,292.0,0.045,0.045,0.045
MCD260508C00325000,0.17,0.15,0.2,2026-04-27 15:58:34.000000,2026-05-08,325.0,call,1268.0,119.0,0.33,292.0,0.045,0.045,0.045
MCD260508P00325000,22.84,32.6,35.3,2026-04-23 13:53:32.000000,2026-05-08,325.0,put,10.0,0.0,0.5150248399681614,292.0,0.045,0.045,0.045
MCD260508C00327500,0.43,0.01,2.25,2026-04-24 11:21:14.000000,2026-05-08,327.5,call,13.0,0.0,0.5131,292.0,0.045,0.045,0.045
MCD260508P00327500,0.0,35.1,37.65,2026-04-28 13:28:44.052116,2026-05-08,327.5,put,0.0,0.0,0.5332321956395456,292.0,0.045,0.045,0.045
MCD260508C00330000,0.29,0.0,0.55,2026-04-24 15:30:33.000000,2026-05-08,330.0,call,41.0,0.0,0.3956,292.0,0.045,0.045,0.045
MCD260508P00330000,28.45,37.6,40.15,2026-04-24 10:37:58.000000,2026-05-08,330.0,put,5.0,0.0,0.5590222755315271,292.0,0.045,0.045,0.045
MCD260508C00332500,0.1,0.0,0.42,2026-04-27 12:12:28.000000,2026-05-08,332.5,call,0.0,1.0,0.3965,292.0,0.045,0.045,0.045
MCD260508P00332500,0.0,40.1,42.75,2026-04-28 13:28:44.055833,2026-05-08,332.5,put,0.0,0.0,0.5901934822970072,292.0,0.045,0.045,0.045
MCD260508C00335000,0.61,0.0,2.18,2026-04-20 10:19:33.000000,2026-05-08,335.0,call,6.0,0.0,0.5732,292.0,0.045,0.045,0.045
MCD260508P00335000,31.35,42.6,45.15,2026-04-10 15:45:36.000000,2026-05-08,335.0,put,0.0,0.0,0.6092424124553453,292.0,0.045,0.045,0.045
MCD260508C00340000,0.05,0.01,2.16,2026-04-27 15:54:59.000000,2026-05-08,340.0,call,120.0,25.0,0.6168,292.0,0.045,0.045,0.045
MCD260508P00340000,36.37,47.55,50.15,2026-04-10 15:45:36.000000,2026-05-08,340.0,put,0.0,0.0,0.654657517377549,292.0,0.045,0.045,0.045
MCD260508C00345000,0.16,0.0,2.14,2026-04-10 13:43:00.000000,2026-05-08,345.0,call,2.0,0.0,0.6576,292.0,0.045,0.045,0.045
MCD260508P00345000,0.0,52.55,55.05,2026-04-28 13:28:44.061219,2026-05-08,345.0,put,0.0,0.0,0.694975217054401,292.0,0.045,0.045,0.045
MCD260508C00350000,0.39,0.0,0.6,2026-04-27 09:35:44.000000,2026-05-08,350.0,call,50.0,50.0,0.5492,292.0,0.045,0.045,0.045
MCD260508P00350000,40.96,57.65,60.1,2026-04-06 12:44:21.000000,2026-05-08,350.0,put,0.0,0.0,0.7507140440262415,292.0,0.045,0.045,0.045
MCD260508C00355000,0.0,0.0,1.35,2026-04-28 13:28:44.062986,2026-05-08,355.0,call,0.0,0.0,0.673,292.0,0.045,0.045,0.045
MCD260508P00355000,0.0,62.65,65.1,2026-04-28 13:28:44.064708,2026-05-08,355.0,put,0.0,0.0,0.7952730391527983,292.0,0.045,0.045,0.045
MCD260508C00360000,0.39,0.0,0.37,2026-04-27 09:35:44.000000,2026-05-08,360.0,call,51.0,50.0,0.5745,292.0,0.045,0.045,0.045
MCD260508P00360000,0.0,67.65,70.3,2026-04-28 13:28:44.066453,2026-05-08,360.0,put,0.0,0.0,0.8528556171617471,292.0,0.045,0.045,0.045
MCD260508C00365000,0.16,0.0,2.13,2026-04-13 15:49:03.000000,2026-05-08,365.0,call,1.0,0.0,0.8165,292.0,0.045,0.045,0.045
MCD260508P00365000,0.0,72.65,75.15,2026-04-28 13:28:44.068069,2026-05-08,365.0,put,0.0,0.0,0.8847848908040128,292.0,0.045,0.045,0.045
MCD260508C00370000,0.0,0.0,2.13,2026-04-28 13:28:44.068095,2026-05-08,370.0,call,0.0,0.0,0.8539,292.0,0.045,0.045,0.045
MCD260508P00370000,0.0,77.6,80.35,2026-04-28 13:28:44.069486,2026-05-08,370.0,put,0.0,0.0,0.9374257143225949,292.0,0.045,0.045,0.045
MCD260508C00375000,0.14,0.0,2.13,2026-04-13 15:51:41.000000,2026-05-08,375.0,call,1.0,0.0,0.8904,292.0,0.045,0.045,0.045
MCD260508P00375000,0.0,82.6,85.45,2026-04-28 13:28:44.070539,2026-05-08,375.0,put,0.0,0.0,0.98570723710806,292.0,0.045,0.045,0.045
MCD260508C00380000,0.0,0.0,2.13,2026-04-28 13:28:44.070556,2026-05-08,380.0,call,0.0,0.0,0.9262,292.0,0.045,0.045,0.045
MCD260508P00380000,0.0,87.6,90.15,2026-04-28 13:28:44.071529,2026-05-08,380.0,put,0.0,0.0,1.0026720191390603,292.0,0.045,0.045,0.045
MCD260508C00385000,0.07,0.0,2.13,2026-04-27 13:06:38.000000,2026-05-08,385.0,call,0.0,1.0,0.9611,292.0,0.045,0.045,0.045
MCD260508P00385000,0.0,92.6,95.15,2026-04-28 13:28:44.072545,2026-05-08,385.0,put,0.0,0.0,1.0415038382300787,292.0,0.045,0.045,0.045
MCD260508C00390000,0.0,0.0,2.13,2026-04-28 13:28:44.072562,2026-05-08,390.0,call,0.0,0.0,0.9954,292.0,0.045,0.045,0.045
MCD260508P00390000,0.0,97.6,100.15,2026-04-28 13:28:44.073563,2026-05-08,390.0,put,0.0,0.0,1.07956670512169,292.0,0.045,0.045,0.045
MCD260508C00395000,0.0,0.0,2.13,2026-04-28 13:28:44.073580,2026-05-08,395.0,call,0.0,0.0,1.0289,292.0,0.045,0.045,0.045
MCD260508P00395000,0.0,102.6,105.4,2026-04-28 13:28:44.074560,2026-05-08,395.0,put,0.0,0.0,1.1374645765947013,292.0,0.045,0.045,0.045
MCD260508C00400000,0.0,0.0,2.13,2026-04-28 13:28:44.074577,2026-05-08,400.0,call,0.0,0.0,1.0618,292.0,0.045,0.045,0.045
MCD260508P00400000,0.0,107.6,110.4,2026-04-28 13:28:44.075565,2026-05-08,400.0,put,0.0,0.0,1.174458969138752,292.0,0.045,0.045,0.045
MCD260508C00405000,0.0,0.0,2.13,2026-04-28 13:28:44.075581,2026-05-08,405.0,call,0.0,0.0,1.094,292.0,0.045,0.045,0.045
MCD260508P00405000,0.0,112.7,115.45,2026-04-28 13:28:44.076571,2026-05-08,405.0,put,0.0,0.0,1.2230721126503754,292.0,0.045,0.045,0.045
MCD260515C00150000,0.0,138.85,142.9,2026-04-28 13:28:44.076588,2026-05-15,150.0,call,0.0,0.0,1.223,292.0,0.045,0.045,0.045
MCD260515P00150000,0.02,0.0,0.15,2026-04-01 11:55:23.000000,2026-05-15,150.0,put,19.0,0.0,1.1488,292.0,0.045,0.045,0.045
MCD260515C00155000,0.0,133.9,137.85,2026-04-28 13:28:44.076613,2026-05-15,155.0,call,0.0,0.0,1.1551,292.0,0.045,0.045,0.045
MCD260515P00155000,0.1,0.0,0.64,2026-04-20 14:31:11.000000,2026-05-15,155.0,put,8.0,0.0,1.3076,292.0,0.045,0.045,0.045
MCD260515C00160000,0.0,128.8,132.85,2026-04-28 13:28:44.076631,2026-05-15,160.0,call,0.0,0.0,1.019,292.0,0.045,0.045,0.045
MCD260515P00160000,0.35,0.0,0.7,2025-12-01 14:15:19.000000,2026-05-15,160.0,put,5.0,0.0,1.2639,292.0,0.045,0.045,0.045
MCD260515C00165000,171.0,124.0,127.9,2026-03-02 15:38:32.000000,2026-05-15,165.0,call,0.0,0.0,1.1156,292.0,0.045,0.045,0.045
MCD260515P00165000,0.1,0.0,2.13,2026-04-27 11:14:48.000000,2026-05-15,165.0,put,0.0,1.0,1.4445,292.0,0.045,0.045,0.045
MCD260515C00170000,0.0,119.0,122.95,2026-04-28 13:28:44.076659,2026-05-15,170.0,call,0.0,0.0,1.0543,292.0,0.045,0.045,0.045
MCD260515P00170000,0.1,0.0,0.13,2026-04-27 11:56:57.000000,2026-05-15,170.0,put,2.0,2.0,0.9318,292.0,0.045,0.045,0.045
MCD260515C00175000,0.0,114.05,117.9,2026-04-28 13:28:44.076673,2026-05-15,175.0,call,0.0,0.0,0.9948,292.0,0.045,0.045,0.045
MCD260515P00175000,0.36,0.0,0.5,2025-12-01 15:43:23.000000,2026-05-15,175.0,put,14.0,0.0,1.0417,292.0,0.045,0.045,0.045
MCD260515C00180000,0.0,108.85,112.9,2026-04-28 13:28:44.076687,2026-05-15,180.0,call,0.0,0.0,0.937,292.0,0.045,0.045,0.045
MCD260515P00180000,0.08,0.0,0.08,2026-03-31 11:09:58.000000,2026-05-15,180.0,put,34.0,0.0,0.7992,292.0,0.045,0.045,0.045
MCD260515C00185000,0.0,104.1,108.0,2026-04-28 13:28:44.076702,2026-05-15,185.0,call,0.0,0.0,0.9279,292.0,0.045,0.045,0.045
MCD260515P00185000,0.1,0.0,0.41,2026-04-27 11:14:49.000000,2026-05-15,185.0,put,5.0,1.0,0.914,292.0,0.045,0.045,0.045
MCD260515C00190000,0.0,99.0,103.0,2026-04-28 13:28:44.076717,2026-05-15,190.0,call,0.0,0.0,0.8432,292.0,0.045,0.045,0.045
MCD260515P00190000,0.1,0.0,0.36,2026-04-27 11:56:58.000000,2026-05-15,190.0,put,14.0,1.0,0.8507,292.0,0.045,0.045,0.045
MCD260515C00195000,0.0,94.8,97.9,2026-04-28 13:28:44.076731,2026-05-15,195.0,call,0.0,0.0,0.9373,292.0,0.045,0.045,0.045
MCD260515P00195000,0.37,0.0,0.29,2025-12-02 13:12:11.000000,2026-05-15,195.0,put,21.0,0.0,0.7819,292.0,0.045,0.045,0.045
MCD260515C00200000,120.17,89.1,93.0,2025-09-03 13:37:39.000000,2026-05-15,200.0,call,0.0,0.0,0.7674,292.0,0.045,0.045,0.045
MCD260515P00200000,0.2,0.0,0.25,2026-04-27 10:29:03.000000,2026-05-15,200.0,put,121.0,1.0,0.7236,292.0,0.045,0.045,0.045
MCD260515C00205000,0.0,84.2,87.95,2026-04-28 13:28:44.076761,2026-05-15,205.0,call,0.0,0.0,0.7292,292.0,0.045,0.045,0.045
MCD260515P00205000,0.08,0.0,2.14,2026-04-15 10:28:23.000000,2026-05-15,205.0,put,14.0,0.0,0.9582,292.0,0.045,0.045,0.045
MCD260515P00210000,0.45,0.0,2.14,2025-11-18 10:09:01.000000,2026-05-15,210.0,put,7.0,0.0,0.903,292.0,0.045,0.045,0.045
MCD260515C00215000,100.6,75.2,78.05,2025-09-08 15:42:19.000000,2026-05-15,215.0,call,2.0,0.0,0.7886,292.0,0.045,0.045,0.045
MCD260515P00215000,0.07,0.0,0.14,2026-04-27 13:45:49.000000,2026-05-15,215.0,put,24.0,1.0,0.5568,292.0,0.045,0.045,0.045
MCD260515C00220000,75.59,69.7,72.4,2026-04-27 11:35:56.000000,2026-05-15,220.0,call,2.0,2.0,0.5714,292.0,0.045,0.045,0.045
MCD260515P00220000,0.15,0.01,0.16,2026-04-27 13:45:49.000000,2026-05-15,220.0,put,86.0,1.0,0.5304,292.0,0.045,0.045,0.045
MCD260515C00225000,70.62,65.25,67.85,2026-04-27 11:35:56.000000,2026-05-15,225.0,call,1.0,2.0,0.6699,292.0,0.045,0.045,0.045
MCD260515P00225000,0.1,0.0,0.38,2026-04-16 11:01:57.000000,2026-05-15,225.0,put,20.0,0.0,0.5479,292.0,0.045,0.045,0.045
MCD260515C00230000,85.15,60.05,63.15,2026-03-19 11:20:22.000000,2026-05-15,230.0,call,22.0,0.0,0.6291,292.0,0.045,0.045,0.045
MCD260515P00230000,0.13,0.0,0.39,2026-04-14 14:06:25.000000,2026-05-15,230.0,put,24.0,0.0,0.5087,292.0,0.045,0.045,0.045
MCD260515C00235000,69.2,54.95,58.15,2025-11-07 12:42:22.000000,2026-05-15,235.0,call,9.0,0.0,0.575,292.0,0.045,0.045,0.045
MCD260515P00235000,0.1,0.0,0.39,2026-04-27 14:32:08.000000,2026-05-15,235.0,put,106.0,3.0,0.4681,292.0,0.045,0.045,0.045
MCD260515C00240000,61.36,50.0,53.2,2026-04-24 14:50:39.000000,2026-05-15,240.0,call,26.0,0.0,0.5304,292.0,0.045,0.045,0.045
MCD260515P00240000,0.15,0.1,0.2,2026-04-27 15:59:21.000000,2026-05-15,240.0,put,132.0,20.0,0.4116,292.0,0.045,0.045,0.045
MCD260515C00245000,74.47,45.05,48.25,2025-12-22 14:52:53.000000,2026-05-15,245.0,call,5.0,0.0,0.4896,292.0,0.045,0.045,0.045
MCD260515P00245000,0.15,0.11,0.26,2026-04-27 15:59:21.000000,2026-05-15,245.0,put,118.0,17.0,0.3854,292.0,0.045,0.045,0.045
MCD260515C00250000,56.15,40.75,43.4,2026-04-21 09:32:03.000000,2026-05-15,250.0,call,27.0,0.0,0.4936,292.0,0.045,0.045,0.045
MCD260515P00250000,0.24,0.2,0.33,2026-04-27 14:40:55.000000,2026-05-15,250.0,put,279.0,14.0,0.3674,292.0,0.045,0.045,0.045
MCD260515C00255000,53.62,35.15,38.45,2026-04-16 13:32:54.000000,2026-05-15,255.0,call,19.0,0.0,0.4122,292.0,0.045,0.045,0.045
MCD260515P00255000,0.36,0.32,0.44,2026-04-27 15:16:05.000000,2026-05-15,255.0,put,147.0,5.0,0.3491,292.0,0.045,0.045,0.045
MCD260515C00260000,32.0,31.05,32.95,2026-04-27 15:50:17.000000,2026-05-15,260.0,call,36.0,1.0,0.384,292.0,0.045,0.045,0.045
MCD260515P00260000,0.5,0.41,0.64,2026-04-27 15:13:28.000000,2026-05-15,260.0,put,278.0,50.0,0.328,292.0,0.045,0.045,0.045
MCD260515C00265000,43.66,26.35,28.85,2026-04-16 13:29:17.000000,2026-05-15,265.0,call,96.0,0.0,0.3825,292.0,0.045,0.045,0.045
MCD260515P00265000,0.74,0.64,0.93,2026-04-27 15:28:58.000000,2026-05-15,265.0,put,714.0,35.0,0.3121,292.0,0.045,0.045,0.045
MCD260515C00270000,38.64,21.75,24.2,2026-04-16 13:55:44.000000,2026-05-15,270.0,call,30.0,0.0,0.3521,292.0,0.045,0.045,0.045
MCD260515P00270000,1.15,1.14,1.2,2026-04-27 15:53:46.000000,2026-05-15,270.0,put,443.0,48.0,0.2961,292.0,0.045,0.045,0.045
MCD260515C00275000,34.06,17.45,19.5,2026-04-16 13:24:45.000000,2026-05-15,275.0,call,12.0,0.0,0.3219,292.0,0.045,0.045,0.045
MCD260515P00275000,1.75,1.58,1.9,2026-04-27 15:30:43.000000,2026-05-15,275.0,put,1234.0,102.0,0.28,292.0,0.045,0.045,0.045
MCD260515C00280000,14.0,13.5,14.2,2026-04-27 15:54:58.000000,2026-05-15,280.0,call,145.0,15.0,0.2769,292.0,0.045,0.045,0.045
MCD260515P00280000,2.82,2.7,3.05,2026-04-27 15:59:47.000000,2026-05-15,280.0,put,851.0,259.0,0.2784,292.0,0.045,0.045,0.045
MCD260515C00285000,11.65,10.1,10.75,2026-04-27 14:37:06.000000,2026-05-15,285.0,call,38.0,2.0,0.2744,292.0,0.045,0.045,0.045
MCD260515P00285000,4.25,4.25,4.5,2026-04-27 15:56:08.000000,2026-05-15,285.0,put,761.0,228.0,0.267,292.0,0.045,0.045,0.045
MCD260515C00287500,9.48,8.55,9.2,2026-04-27 15:21:43.000000,2026-05-15,287.5,call,1.0,6.0,0.2719,292.0,0.045,0.045,0.045
MCD260515P00287500,4.75,5.15,5.6,2026-04-27 15:15:48.000000,2026-05-15,287.5,put,79.0,51.0,0.2715,292.0,0.045,0.045,0.045
MCD260515C00290000,7.6,7.1,7.8,2026-04-27 15:54:31.000000,2026-05-15,290.0,call,255.0,50.0,0.2689,292.0,0.045,0.045,0.045
MCD260515P00290000,6.35,6.1,6.55,2026-04-27 15:54:30.000000,2026-05-15,290.0,put,1332.0,165.0,0.2691,292.0,0.045,0.045,0.045
MCD260515C00292500,6.48,6.1,6.55,2026-04-27 15:51:40.000000,2026-05-15,292.5,call,0.0,32.0,0.272,292.0,0.045,0.045,0.045
MCD260515P00292500,7.05,7.25,7.85,2026-04-27 15:43:23.000000,2026-05-15,292.5,put,113.0,243.0,0.266,292.0,0.045,0.045,0.045
MCD260515C00295000,5.2,5.0,5.3,2026-04-27 15:58:42.000000,2026-05-15,295.0,call,288.0,58.0,0.2658,292.0,0.045,0.045,0.045
MCD260515P00295000,8.84,8.85,9.6,2026-04-27 15:51:21.000000,2026-05-15,295.0,put,805.0,419.0,0.2719,292.0,0.045,0.045,0.045
MCD260515C00297500,4.51,3.9,4.45,2026-04-27 15:45:40.000000,2026-05-15,297.5,call,8.0,29.0,0.2658,292.0,0.045,0.045,0.045
MCD260515P00297500,8.38,10.15,10.8,2026-04-27 13:06:54.000000,2026-05-15,297.5,put,49.0,19.0,0.2632,292.0,0.045,0.045,0.045
MCD260515C00300000,3.33,3.25,3.45,2026-04-27 15:57:55.000000,2026-05-15,300.0,call,217.0,312.0,0.2646,292.0,0.045,0.045,0.045
MCD260515P00300000,11.6,11.6,12.55,2026-04-27 15:45:17.000000,2026-05-15,300.0,put,791.0,434.0,0.2483,292.0,0.045,0.045,0.045
MCD260515C00302500,2.89,2.36,2.9,2026-04-27 15:45:40.000000,2026-05-15,302.5,call,59.0,75.0,0.2656,292.0,0.045,0.045,0.045
MCD260515P00302500,12.33,12.9,14.65,2026-04-27 14:26:53.000000,2026-05-15,302.5,put,49.0,2.0,0.2388,292.0,0.045,0.045,0.045
MCD260515C00305000,2.08,1.86,2.2,2026-04-27 15:57:55.000000,2026-05-15,305.0,call,675.0,113.0,0.2601,292.0,0.045,0.045,0.045
MCD260515P00305000,14.82,15.5,16.75,2026-04-27 15:13:55.000000,2026-05-15,305.0,put,669.0,25.0,0.2575,292.0,0.045,0.045,0.045
MCD260515C00307500,2.0,1.45,1.83,2026-04-27 14:26:31.000000,2026-05-15,307.5,call,35.0,333.0,0.2636,292.0,0.045,0.045,0.045
MCD260515P00307500,16.18,16.95,18.7,2026-04-27 14:26:53.000000,2026-05-15,307.5,put,106.0,1.0,0.2303,292.0,0.045,0.045,0.045
MCD260515C00310000,1.28,1.2,1.28,2026-04-27 15:59:54.000000,2026-05-15,310.0,call,1515.0,363.0,0.2643,292.0,0.045,0.045,0.045
MCD260515P00310000,17.13,19.55,20.85,2026-04-27 13:44:25.000000,2026-05-15,310.0,put,1095.0,25.0,0.2418,292.0,0.045,0.045,0.045
MCD260515C00312500,1.08,0.82,1.3,2026-04-27 15:33:42.000000,2026-05-15,312.5,call,14.0,17.0,0.2711,292.0,0.045,0.045,0.045
MCD260515P00312500,20.81,20.7,23.2,2026-04-27 14:16:28.000000,2026-05-15,312.5,put,6.0,3.0,0.33219419355133534,292.0,0.045,0.045,0.045
MCD260515C00315000,0.73,0.63,0.78,2026-04-27 15:59:56.000000,2026-05-15,315.0,call,1289.0,96.0,0.2669,292.0,0.045,0.045,0.045
MCD260515P00315000,20.75,23.05,25.5,2026-04-27 11:57:49.000000,2026-05-15,315.0,put,1032.0,5.0,0.3462829368444111,292.0,0.045,0.045,0.045
MCD260515C00317500,0.66,0.43,0.66,2026-04-27 15:53:04.000000,2026-05-15,317.5,call,17.0,23.0,0.2643,292.0,0.045,0.045,0.045
MCD260515P00317500,17.83,25.35,27.8,2026-04-22 14:22:18.000000,2026-05-15,317.5,put,5.0,0.0,0.35696449487567855,292.0,0.045,0.045,0.045
MCD260515C00320000,0.56,0.41,0.7,2026-04-27 15:50:24.000000,2026-05-15,320.0,call,1431.0,103.0,0.2835,292.0,0.045,0.045,0.045
MCD260515P00320000,25.42,27.8,30.4,2026-04-27 11:40:36.000000,2026-05-15,320.0,put,482.0,2.0,0.3814969687269449,292.0,0.045,0.045,0.045
MCD260515C00322500,0.52,0.26,0.66,2026-04-27 12:00:37.000000,2026-05-15,322.5,call,0.0,2.0,0.2893,292.0,0.045,0.045,0.045
MCD260515P00322500,0.0,30.05,32.7,2026-04-28 13:28:44.082032,2026-05-15,322.5,put,0.0,0.0,0.38750471925412355,292.0,0.045,0.045,0.045
MCD260515C00325000,0.23,0.21,0.35,2026-04-27 15:59:38.000000,2026-05-15,325.0,call,1216.0,62.0,0.2782,292.0,0.045,0.045,0.045
MCD260515P00325000,28.26,32.6,35.3,2026-04-27 09:51:50.000000,2026-05-15,325.0,put,402.0,1.0,0.41459836703676584,292.0,0.045,0.045,0.045
MCD260515C00327500,0.23,0.09,0.33,2026-04-27 15:59:38.000000,2026-05-15,327.5,call,19.0,4.0,0.2797,292.0,0.045,0.045,0.045
MCD260515P00327500,0.0,35.05,39.15,2026-04-28 13:28:44.084148,2026-05-15,327.5,put,0.0,0.0,0.48245874996225346,292.0,0.045,0.045,0.045
MCD260515C00330000,0.15,0.15,0.25,2026-04-27 15:54:09.000000,2026-05-15,330.0,call,1590.0,200.0,0.2921,292.0,0.045,0.045,0.045
MCD260515P00330000,26.11,37.55,40.8,2026-04-23 10:46:43.000000,2026-05-15,330.0,put,196.0,0.0,0.4737321982021586,292.0,0.045,0.045,0.045
MCD260515C00332500,0.32,0.02,0.5,2026-04-24 12:03:31.000000,2026-05-15,332.5,call,2.0,0.0,0.3202,292.0,0.045,0.045,0.045
MCD260515P00332500,0.0,40.1,43.5,2026-04-28 13:28:44.086276,2026-05-15,332.5,put,0.0,0.0,0.5039026486923954,292.0,0.045,0.045,0.045
MCD260515C00335000,0.15,0.12,0.23,2026-04-27 15:16:39.000000,2026-05-15,335.0,call,808.0,61.0,0.314,292.0,0.045,0.045,0.045
MCD260515P00335000,23.3,42.6,45.9,2026-04-17 15:55:27.000000,2026-05-15,335.0,put,93.0,0.0,0.5206394173401352,292.0,0.045,0.045,0.045
MCD260515C00340000,0.1,0.07,0.13,2026-04-27 15:52:29.000000,2026-05-15,340.0,call,2006.0,139.0,0.3154,292.0,0.045,0.045,0.045
MCD260515P00340000,49.92,47.7,50.65,2026-04-27 15:51:17.000000,2026-05-15,340.0,put,0.0,5.0,0.5545523539454504,292.0,0.045,0.045,0.045
MCD260515C00345000,0.08,0.03,0.28,2026-04-27 14:07:42.000000,2026-05-15,345.0,call,638.0,8.0,0.3617,292.0,0.045,0.045,0.045
MCD260515P00345000,54.9,52.6,55.8,2026-04-27 15:51:17.000000,2026-05-15,345.0,put,7.0,5.0,0.5951437743091166,292.0,0.045,0.045,0.045
MCD260515C00350000,0.05,0.0,0.26,2026-04-27 13:48:34.000000,2026-05-15,350.0,call,633.0,1.0,0.3782,292.0,0.045,0.045,0.045
MCD260515P00350000,44.54,57.6,60.85,2026-04-15 14:14:55.000000,2026-05-15,350.0,put,0.0,0.0,0.6347466197384791,292.0,0.045,0.045,0.045
MCD260515C00355000,0.13,0.0,0.18,2026-04-22 10:12:47.000000,2026-05-15,355.0,call,53.0,0.0,0.384,292.0,0.045,0.045,0.045
MCD260515P00355000,49.62,62.6,65.85,2026-04-15 14:16:51.000000,2026-05-15,355.0,put,0.0,0.0,0.6712468640759153,292.0,0.045,0.045,0.045
MCD260515C00360000,0.07,0.0,0.31,2026-04-23 11:51:20.000000,2026-05-15,360.0,call,450.0,0.0,0.4372,292.0,0.045,0.045,0.045
MCD260515P00360000,54.65,67.6,71.4,2026-04-15 14:18:16.000000,2026-05-15,360.0,put,0.0,0.0,0.7309526166352371,292.0,0.045,0.045,0.045
MCD260515C00365000,0.06,0.0,0.35,2026-04-22 15:38:15.000000,2026-05-15,365.0,call,103.0,0.0,0.4689,292.0,0.045,0.045,0.045
MCD260515P00365000,59.72,72.6,76.4,2026-04-15 14:20:54.000000,2026-05-15,365.0,put,0.0,0.0,0.7662319733596806,292.0,0.045,0.045,0.045
MCD260515C00370000,0.12,0.0,0.18,2026-04-15 15:59:07.000000,2026-05-15,370.0,call,78.0,0.0,0.4522,292.0,0.045,0.045,0.045
MCD260515P00370000,64.56,77.6,81.4,2026-04-15 14:22:20.000000,2026-05-15,370.0,put,0.0,0.0,0.8006718486587752,292.0,0.045,0.045,0.045
MCD260515C00375000,0.17,0.0,0.33,2026-04-07 14:28:08.000000,2026-05-15,375.0,call,87.0,0.0,0.5118,292.0,0.045,0.045,0.045
MCD260515P00375000,65.72,82.6,86.4,2026-03-30 15:13:26.000000,2026-05-15,375.0,put,0.0,0.0,0.8343263894097778,292.0,0.045,0.045,0.045
MCD260515C00380000,0.08,0.0,2.14,2026-04-07 09:30:06.000000,2026-05-15,380.0,call,11.0,0.0,0.7238,292.0,0.045,0.045,0.045
MCD260515P00380000,0.0,87.6,91.4,2026-04-28 13:28:44.097451,2026-05-15,380.0,put,0.0,0.0,0.8672432816995619,292.0,0.045,0.045,0.045
MCD260515C00385000,0.4,0.0,2.13,2026-03-13 15:15:05.000000,2026-05-15,385.0,call,3.0,0.0,0.7505,292.0,0.045,0.045,0.045
MCD260515P00385000,0.0,92.6,96.4,2026-04-28 13:28:44.098503,2026-05-15,385.0,put,0.0,0.0,0.8994671313164787,292.0,0.045,0.045,0.045
MCD260515C00390000,0.1,0.0,2.13,2026-03-20 10:40:05.000000,2026-05-15,390.0,call,48.0,0.0,0.7773,292.0,0.045,0.045,0.045
MCD260515P00390000,0.0,97.6,101.4,2026-04-28 13:28:44.099579,2026-05-15,390.0,put,0.0,0.0,0.9310276111947376,292.0,0.045,0.045,0.045
MCD260515C00395000,0.0,0.0,2.13,2026-04-28 13:28:44.099595,2026-05-15,395.0,call,0.0,0.0,0.8035,292.0,0.045,0.045,0.045
MCD260515P00395000,0.0,102.6,106.4,2026-04-28 13:28:44.100650,2026-05-15,395.0,put,0.0,0.0,0.9619693588602475,292.0,0.045,0.045,0.045
MCD260515C00400000,0.06,0.0,2.13,2026-03-06 11:48:58.000000,2026-05-15,400.0,call,7.0,0.0,0.8292,292.0,0.045,0.045,0.045
MCD260515P00400000,0.0,107.6,111.4,2026-04-28 13:28:44.101720,2026-05-15,400.0,put,0.0,0.0,0.9923184687699265,292.0,0.045,0.045,0.045
MCD260515C00405000,0.0,0.0,2.13,2026-04-28 13:28:44.101736,2026-05-15,405.0,call,0.0,0.0,0.8545,292.0,0.045,0.045,0.045
MCD260515P00405000,0.0,112.6,116.4,2026-04-28 13:28:44.102789,2026-05-15,405.0,put,0.0,0.0,1.0221032673788621,292.0,0.045,0.045,0.045
MCD260515C00410000,3.32,0.0,2.13,2025-11-11 09:30:02.000000,2026-05-15,410.0,call,5.0,0.0,0.8792,292.0,0.045,0.045,0.045
MCD260515P00410000,0.0,117.6,121.4,2026-04-28 13:28:44.103858,2026-05-15,410.0,put,0.0,0.0,1.0513496540166611,292.0,0.045,0.045,0.045
MCD260515C00415000,0.03,0.0,0.3,2026-04-21 11:33:29.000000,2026-05-15,415.0,call,30.0,0.0,0.6737,292.0,0.045,0.045,0.045
MCD260515P00415000,0.0,122.6,126.4,2026-04-28 13:28:44.104876,2026-05-15,415.0,put,0.0,0.0,1.080081400913857,292.0,0.045,0.045,0.045
MCD260515C00420000,0.0,0.0,2.13,2026-04-28 13:28:44.104892,2026-05-15,420.0,call,0.0,0.0,0.9274,292.0,0.045,0.045,0.045
MCD260515P00420000,0.0,127.6,131.4,2026-04-28 13:28:44.105864,2026-05-15,420.0,put,0.0,0.0,1.1083225711586322,292.0,0.045,0.045,0.045
MCD260515C00425000,0.0,0.0,2.13,2026-04-28 13:28:44.105881,2026-05-15,425.0,call,0.0,0.0,0.9508,292.0,0.045,0.045,0.045
MCD260515P00425000,0.0,132.6,136.4,2026-04-28 13:28:44.106853,2026-05-15,425.0,put,0.0,0.0,1.1360875285386443,292.0,0.045,0.045,0.045
MCD260515C00430000,0.15,0.0,2.13,2025-11-20 12:30:46.000000,2026-05-15,430.0,call,14.0,0.0,0.9739,292.0,0.045,0.045,0.045
MCD260515P00430000,0.0,137.6,141.4,2026-04-28 13:28:44.107838,2026-05-15,430.0,put,0.0,0.0,1.1633999364415524,292.0,0.045,0.045,0.045
MCD260515C00440000,0.14,0.0,2.13,2025-11-20 12:30:46.000000,2026-05-15,440.0,call,13.0,0.0,1.0188,292.0,0.045,0.045,0.045
MCD260515P00440000,133.0,147.6,151.45,2025-11-13 09:30:06.000000,2026-05-15,440.0,put,0.0,0.0,1.2194576642746546,292.0,0.045,0.045,0.045
MCD260515C00450000,0.2,0.0,2.13,2025-09-24 09:36:23.000000,2026-05-15,450.0,call,0.0,0.0,1.0623,292.0,0.045,0.045,0.045
MCD260515P00450000,0.0,157.6,161.5,2026-04-28 13:28:44.109764,2026-05-15,450.0,put,0.0,0.0,1.2739902240180905,292.0,0.045,0.045,0.045
MCD260522C00170000,0.0,119.15,123.2,2026-04-28 13:28:44.109780,2026-05-22,170.0,call,0.0,0.0,0.8252,292.0,0.045,0.045,0.045
MCD260522P00170000,0.1,0.0,0.79,2026-04-27 12:58:24.000000,2026-05-22,170.0,put,0.0,2.0,0.9942,292.0,0.045,0.045,0.045
MCD260522C00180000,0.0,109.15,113.15,2026-04-28 13:28:44.109803,2026-05-22,180.0,call,0.0,0.0,0.676,292.0,0.045,0.045,0.045
MCD260522P00180000,0.0,0.0,1.1,2026-04-28 13:28:44.109812,2026-05-22,180.0,put,0.0,0.0,0.9478,292.0,0.045,0.045,0.045
MCD260522C00190000,0.0,99.2,103.2,2026-04-28 13:28:44.109820,2026-05-22,190.0,call,0.0,0.0,0.6316,292.0,0.045,0.045,0.045
MCD260522P00190000,0.0,0.0,2.13,2026-04-28 13:28:44.109827,2026-05-22,190.0,put,0.0,0.0,0.9608,292.0,0.045,0.045,0.045
MCD260522C00195000,0.0,95.25,98.25,2026-04-28 13:28:44.109836,2026-05-22,195.0,call,0.0,0.0,0.8187,292.0,0.045,0.045,0.045
MCD260522P00195000,0.0,0.0,0.5,2026-04-28 13:28:44.109844,2026-05-22,195.0,put,0.0,0.0,0.7163,292.0,0.045,0.045,0.045
MCD260522C00200000,0.0,89.5,93.3,2026-04-28 13:28:44.109851,2026-05-22,200.0,call,0.0,0.0,0.6664,292.0,0.045,0.045,0.045
MCD260522P00200000,0.1,0.0,0.34,2026-04-27 10:47:50.000000,2026-05-22,200.0,put,0.0,1.0,0.6409,292.0,0.045,0.045,0.045
MCD260522P00205000,0.0,0.0,0.95,2026-04-28 13:28:44.110044,2026-05-22,205.0,put,0.0,0.0,0.703,292.0,0.045,0.045,0.045
MCD260522C00210000,0.0,79.3,83.25,2026-04-28 13:28:44.110058,2026-05-22,210.0,call,0.0,0.0,0.5069,292.0,0.045,0.045,0.045
MCD260522P00210000,0.0,0.0,0.95,2026-04-28 13:28:44.110068,2026-05-22,210.0,put,0.0,0.0,0.6612,292.0,0.045,0.045,0.045
MCD260522C00215000,0.0,74.35,78.25,2026-04-28 13:28:44.110077,2026-05-22,215.0,call,0.0,0.0,0.4811,292.0,0.045,0.045,0.045
MCD260522P00215000,0.0,0.0,0.95,2026-04-28 13:28:44.110085,2026-05-22,215.0,put,0.0,0.0,0.6202,292.0,0.045,0.045,0.045
MCD260522C00220000,0.0,69.35,73.35,2026-04-28 13:28:44.110092,2026-05-22,220.0,call,0.0,0.0,0.4689,292.0,0.045,0.045,0.045
MCD260522P00220000,0.0,0.0,0.95,2026-04-28 13:28:44.110100,2026-05-22,220.0,put,0.0,0.0,0.5799,292.0,0.045,0.045,0.045
MCD260522C00225000,0.0,64.4,68.35,2026-04-28 13:28:44.110107,2026-05-22,225.0,call,0.0,0.0,0.4401,292.0,0.045,0.045,0.045
MCD260522P00225000,0.0,0.0,0.75,2026-04-28 13:28:44.110114,2026-05-22,225.0,put,0.0,0.0,0.5188,292.0,0.045,0.045,0.045
MCD260522C00230000,0.0,59.45,63.4,2026-04-28 13:28:44.110122,2026-05-22,230.0,call,0.0,0.0,0.421,292.0,0.045,0.045,0.045
MCD260522P00230000,0.0,0.0,0.95,2026-04-28 13:28:44.110129,2026-05-22,230.0,put,0.0,0.0,0.5012,292.0,0.045,0.045,0.045
MCD260522C00235000,0.0,54.4,58.45,2026-04-28 13:28:44.110136,2026-05-22,235.0,call,0.0,0.0,0.3988,292.0,0.045,0.045,0.045
MCD260522P00235000,0.37,0.0,1.15,2026-04-15 11:59:13.000000,2026-05-22,235.0,put,4.0,0.0,0.4794,292.0,0.045,0.045,0.045
MCD260522C00240000,0.0,50.45,53.5,2026-04-28 13:28:44.110151,2026-05-22,240.0,call,0.0,0.0,0.4554,292.0,0.045,0.045,0.045
MCD260522P00240000,0.0,0.0,0.95,2026-04-28 13:28:44.110158,2026-05-22,240.0,put,0.0,0.0,0.4244,292.0,0.045,0.045,0.045
MCD260522C00245000,0.0,45.75,48.6,2026-04-28 13:28:44.110165,2026-05-22,245.0,call,0.0,0.0,0.438,292.0,0.045,0.045,0.045
MCD260522P00245000,0.28,0.0,0.53,2026-04-27 15:54:20.000000,2026-05-22,245.0,put,21.0,31.0,0.3484,292.0,0.045,0.045,0.045
MCD260522C00250000,48.8,40.0,42.95,2026-04-27 09:30:09.000000,2026-05-22,250.0,call,0.0,1.0,0.2854,292.0,0.045,0.045,0.045
MCD260522P00250000,0.29,0.03,0.62,2026-04-27 15:54:20.000000,2026-05-22,250.0,put,50.0,3.0,0.3254,292.0,0.045,0.045,0.045
MCD260522C00255000,0.0,36.15,38.85,2026-04-28 13:28:44.110199,2026-05-22,255.0,call,0.0,0.0,0.3832,292.0,0.045,0.045,0.045
MCD260522P00255000,0.4,0.12,0.79,2026-04-27 11:14:51.000000,2026-05-22,255.0,put,4.0,2.0,0.3093,292.0,0.045,0.045,0.045
MCD260522C00260000,0.0,31.25,34.15,2026-04-28 13:28:44.110216,2026-05-22,260.0,call,0.0,0.0,0.3546,292.0,0.045,0.045,0.045
MCD260522P00260000,0.52,0.0,0.75,2026-04-27 13:02:27.000000,2026-05-22,260.0,put,5.0,1.0,0.2618,292.0,0.045,0.045,0.045
MCD260522C00265000,0.0,26.6,29.45,2026-04-28 13:28:44.110231,2026-05-22,265.0,call,0.0,0.0,0.3309,292.0,0.045,0.045,0.045
MCD260522P00265000,1.0,0.63,1.2,2026-04-27 15:31:13.000000,2026-05-22,265.0,put,24.0,21.0,0.2785,292.0,0.045,0.045,0.045
MCD260522C00270000,0.0,22.05,24.75,2026-04-28 13:28:44.110246,2026-05-22,270.0,call,0.0,0.0,0.3048,292.0,0.045,0.045,0.045
MCD260522P00270000,1.3,0.99,1.65,2026-04-27 15:16:09.000000,2026-05-22,270.0,put,61.0,34.0,0.2637,292.0,0.045,0.045,0.045
MCD260522C00275000,0.0,17.6,20.45,2026-04-28 13:28:44.110262,2026-05-22,275.0,call,0.0,0.0,0.2847,292.0,0.045,0.045,0.045
MCD260522P00275000,2.14,2.01,2.39,2026-04-27 15:43:18.000000,2026-05-22,275.0,put,25.0,37.0,0.2637,292.0,0.045,0.045,0.045
MCD260522C00280000,16.01,14.15,15.2,2026-04-27 14:09:24.000000,2026-05-22,280.0,call,0.0,2.0,0.257,292.0,0.045,0.045,0.045
MCD260522P00280000,3.17,3.2,3.6,2026-04-27 15:43:18.000000,2026-05-22,280.0,put,229.0,111.0,0.2612,292.0,0.045,0.045,0.045
MCD260522C00285000,11.4,10.65,11.7,2026-04-27 15:58:23.000000,2026-05-22,285.0,call,0.0,4.0,0.2506,292.0,0.045,0.045,0.045
MCD260522P00285000,4.4,4.8,5.15,2026-04-27 15:15:03.000000,2026-05-22,285.0,put,158.0,35.0,0.2571,292.0,0.045,0.045,0.045
MCD260522C00290000,10.8,7.75,8.8,2026-04-27 12:00:00.000000,2026-05-22,290.0,call,1.0,1.0,0.2519,292.0,0.045,0.045,0.045
MCD260522P00290000,6.8,6.8,7.35,2026-04-27 15:50:01.000000,2026-05-22,290.0,put,92.0,27.0,0.2539,292.0,0.045,0.045,0.045
MCD260522C00295000,7.17,5.6,6.35,2026-04-27 14:00:52.000000,2026-05-22,295.0,call,4.0,48.0,0.2492,292.0,0.045,0.045,0.045
MCD260522P00295000,9.19,9.45,9.95,2026-04-27 15:48:09.000000,2026-05-22,295.0,put,110.0,46.0,0.2516,292.0,0.045,0.045,0.045
MCD260522C00300000,4.1,3.85,4.45,2026-04-27 15:59:04.000000,2026-05-22,300.0,call,44.0,22.0,0.249,292.0,0.045,0.045,0.045
MCD260522P00300000,9.9,11.35,13.3,2026-04-27 10:55:16.000000,2026-05-22,300.0,put,93.0,9.0,0.2273,292.0,0.045,0.045,0.045
MCD260522C00305000,3.05,2.47,2.99,2026-04-27 15:12:39.000000,2026-05-22,305.0,call,40.0,11.0,0.2468,292.0,0.045,0.045,0.045
MCD260522P00305000,15.78,14.7,17.15,2026-04-27 15:50:02.000000,2026-05-22,305.0,put,68.0,37.0,0.2222,292.0,0.045,0.045,0.045
MCD260522C00310000,1.71,1.56,1.98,2026-04-27 15:36:28.000000,2026-05-22,310.0,call,55.0,14.0,0.2472,292.0,0.045,0.045,0.045
MCD260522P00310000,19.68,19.75,21.15,2026-04-27 15:50:02.000000,2026-05-22,310.0,put,29.0,32.0,0.2328,292.0,0.045,0.045,0.045
MCD260522C00315000,1.45,1.05,1.27,2026-04-27 13:05:29.000000,2026-05-22,315.0,call,56.0,13.0,0.2515,292.0,0.045,0.045,0.045
MCD260522P00315000,20.65,23.15,25.7,2026-04-27 11:43:49.000000,2026-05-22,315.0,put,23.0,10.0,0.31057719116524235,292.0,0.045,0.045,0.045
MCD260522C00320000,0.66,0.6,0.7,2026-04-27 15:59:36.000000,2026-05-22,320.0,call,67.0,23.0,0.2467,292.0,0.045,0.045,0.045
MCD260522P00320000,20.36,27.65,30.55,2026-04-22 12:40:32.000000,2026-05-22,320.0,put,1.0,0.0,0.3344587145020332,292.0,0.045,0.045,0.045
MCD260522C00325000,0.55,0.11,0.83,2026-04-27 15:05:23.000000,2026-05-22,325.0,call,51.0,63.0,0.2585,292.0,0.045,0.045,0.045
MCD260522P00325000,28.65,32.55,35.55,2026-04-27 09:43:26.000000,2026-05-22,325.0,put,1.0,1.0,0.36991482386709346,292.0,0.045,0.045,0.045
MCD260522C00330000,0.58,0.0,0.82,2026-04-27 09:30:15.000000,2026-05-22,330.0,call,47.0,1.0,0.2791,292.0,0.045,0.045,0.045
MCD260522P00330000,0.0,37.55,41.55,2026-04-28 13:28:44.114039,2026-05-22,330.0,put,0.0,0.0,0.43567624482176076,292.0,0.045,0.045,0.045
MCD260522C00335000,0.4,0.0,1.5,2026-04-24 15:55:01.000000,2026-05-22,335.0,call,14.0,0.0,0.3455,292.0,0.045,0.045,0.045
MCD260522P00335000,0.0,42.55,46.0,2026-04-28 13:28:44.115013,2026-05-22,335.0,put,0.0,0.0,0.45584979336300063,292.0,0.045,0.045,0.045
MCD260522C00340000,0.35,0.0,0.75,2026-04-23 10:55:14.000000,2026-05-22,340.0,call,25.0,0.0,0.3262,292.0,0.045,0.045,0.045
MCD260522P00340000,0.0,47.6,51.55,2026-04-28 13:28:44.116016,2026-05-22,340.0,put,0.0,0.0,0.5089234591145776,292.0,0.045,0.045,0.045
MCD260522C00345000,0.0,0.0,0.95,2026-04-28 13:28:44.116032,2026-05-22,345.0,call,0.0,0.0,0.3663,292.0,0.045,0.045,0.045
MCD260522P00345000,0.0,52.55,56.55,2026-04-28 13:28:44.117086,2026-05-22,345.0,put,0.0,0.0,0.5415621921515028,292.0,0.045,0.045,0.045
MCD260522C00350000,0.0,0.0,0.75,2026-04-28 13:28:44.117102,2026-05-22,350.0,call,0.0,0.0,0.3751,292.0,0.045,0.045,0.045
MCD260522P00350000,0.0,57.55,61.55,2026-04-28 13:28:44.118138,2026-05-22,350.0,put,0.0,0.0,0.5746973491736252,292.0,0.045,0.045,0.045
MCD260522C00355000,0.0,0.0,0.95,2026-04-28 13:28:44.118155,2026-05-22,355.0,call,0.0,0.0,0.4153,292.0,0.045,0.045,0.045
MCD260522P00355000,0.0,62.55,66.5,2026-04-28 13:28:44.119197,2026-05-22,355.0,put,0.0,0.0,0.6052751917466845,292.0,0.045,0.045,0.045
MCD260522C00360000,0.1,0.0,0.32,2026-04-22 10:12:47.000000,2026-05-22,360.0,call,8.0,0.0,0.3701,292.0,0.045,0.045,0.045
MCD260522P00360000,0.0,67.55,71.55,2026-04-28 13:28:44.120249,2026-05-22,360.0,put,0.0,0.0,0.6382977753586221,292.0,0.045,0.045,0.045
MCD260522C00365000,0.0,0.0,1.15,2026-04-28 13:28:44.120265,2026-05-22,365.0,call,0.0,0.0,0.4776,292.0,0.045,0.045,0.045
MCD260522P00365000,0.0,72.55,76.55,2026-04-28 13:28:44.121375,2026-05-22,365.0,put,0.0,0.0,0.6688994114813552,292.0,0.045,0.045,0.045
MCD260522C00370000,0.0,0.0,1.35,2026-04-28 13:28:44.121392,2026-05-22,370.0,call,0.0,0.0,0.5154,292.0,0.045,0.045,0.045
MCD260522P00370000,0.0,77.6,81.55,2026-04-28 13:28:44.122500,2026-05-22,370.0,put,0.0,0.0,0.7005246128800853,292.0,0.045,0.045,0.045
MCD260522C00375000,0.0,0.0,2.14,2026-04-28 13:28:44.122517,2026-05-22,375.0,call,0.0,0.0,0.588,292.0,0.045,0.045,0.045
MCD260522P00375000,0.0,82.55,86.55,2026-04-28 13:28:44.123624,2026-05-22,375.0,put,0.0,0.0,0.7279780575344899,292.0,0.045,0.045,0.045
MCD260522C00380000,0.0,0.0,2.13,2026-04-28 13:28:44.123640,2026-05-22,380.0,call,0.0,0.0,0.6112,292.0,0.045,0.045,0.045
MCD260522P00380000,0.0,87.55,91.55,2026-04-28 13:28:44.124736,2026-05-22,380.0,put,0.0,0.0,0.7565436590842756,292.0,0.045,0.045,0.045
MCD260522C00385000,0.0,0.0,2.13,2026-04-28 13:28:44.124752,2026-05-22,385.0,call,0.0,0.0,0.6344,292.0,0.045,0.045,0.045
MCD260522P00385000,0.0,92.55,96.55,2026-04-28 13:28:44.125856,2026-05-22,385.0,put,0.0,0.0,0.7845107222369718,292.0,0.045,0.045,0.045
MCD260522C00390000,0.0,0.0,2.13,2026-04-28 13:28:44.125872,2026-05-22,390.0,call,0.0,0.0,0.6572,292.0,0.045,0.045,0.045
MCD260522P00390000,0.0,97.6,101.55,2026-04-28 13:28:44.126980,2026-05-22,390.0,put,0.0,0.0,0.8137868083830255,292.0,0.045,0.045,0.045
MCD260522C00395000,0.0,0.0,2.13,2026-04-28 13:28:44.126996,2026-05-22,395.0,call,0.0,0.0,0.6795,292.0,0.045,0.045,0.045
MCD260522P00395000,0.0,102.55,106.25,2026-04-28 13:28:44.128079,2026-05-22,395.0,put,0.0,0.0,0.8271800926326941,292.0,0.045,0.045,0.045
MCD260522C00400000,0.0,0.0,2.13,2026-04-28 13:28:44.128096,2026-05-22,400.0,call,0.0,0.0,0.7013,292.0,0.045,0.045,0.045
MCD260522P00400000,0.0,107.55,111.55,2026-04-28 13:28:44.129200,2026-05-22,400.0,put,0.0,0.0,0.8651336587203687,292.0,0.045,0.045,0.045
MCD260522C00405000,0.0,0.0,2.13,2026-04-28 13:28:44.129217,2026-05-22,405.0,call,0.0,0.0,0.7227,292.0,0.045,0.045,0.045
MCD260522P00405000,0.0,112.55,116.5,2026-04-28 13:28:44.130255,2026-05-22,405.0,put,0.0,0.0,0.8890415406716005,292.0,0.045,0.045,0.045
MCD260529P00170000,0.0,0.0,2.14,2026-04-28 13:28:44.130439,2026-05-29,170.0,put,0.0,0.0,1.0391,292.0,0.045,0.045,0.045
MCD260529C00180000,0.0,109.4,113.4,2026-04-28 13:28:44.130452,2026-05-29,180.0,call,0.0,0.0,0.4933,292.0,0.045,0.045,0.045
MCD260529P00180000,0.0,0.0,2.15,2026-04-28 13:28:44.130462,2026-05-29,180.0,put,0.0,0.0,0.9444,292.0,0.045,0.045,0.045
MCD260529C00190000,0.0,99.45,103.4,2026-04-28 13:28:44.130471,2026-05-29,190.0,call,0.0,0.0,0.4953,292.0,0.045,0.045,0.045
MCD260529P00190000,0.0,0.0,2.16,2026-04-28 13:28:44.130479,2026-05-29,190.0,put,0.0,0.0,0.8541,292.0,0.045,0.045,0.045
MCD260529C00195000,0.0,94.5,98.5,2026-04-28 13:28:44.130488,2026-05-29,195.0,call,0.0,0.0,0.5185,292.0,0.045,0.045,0.045
MCD260529P00195000,0.0,0.0,2.17,2026-04-28 13:28:44.130495,2026-05-29,195.0,put,0.0,0.0,0.8108,292.0,0.045,0.045,0.045
MCD260529C00200000,0.0,89.5,93.45,2026-04-28 13:28:44.130502,2026-05-29,200.0,call,0.0,0.0,0.3882,292.0,0.045,0.045,0.045
MCD260529P00200000,0.0,0.0,2.18,2026-04-28 13:28:44.130509,2026-05-29,200.0,put,0.0,0.0,0.7683,292.0,0.045,0.045,0.045
MCD260529C00205000,0.0,84.5,88.5,2026-04-28 13:28:44.130516,2026-05-29,205.0,call,0.0,0.0,0.3951,292.0,0.045,0.045,0.045
MCD260529P00205000,0.0,0.0,2.19,2026-04-28 13:28:44.130523,2026-05-29,205.0,put,0.0,0.0,0.7262,292.0,0.045,0.045,0.045
MCD260529C00210000,0.0,79.6,83.5,2026-04-28 13:28:44.130530,2026-05-29,210.0,call,0.0,0.0,0.4239,292.0,0.045,0.045,0.045
MCD260529P00210000,0.0,0.0,0.95,2026-04-28 13:28:44.130538,2026-05-29,210.0,put,0.0,0.0,0.5868,292.0,0.045,0.045,0.045
MCD260529C00215000,0.0,74.6,78.5,2026-04-28 13:28:44.130545,2026-05-29,215.0,call,0.0,0.0,0.3721,292.0,0.045,0.045,0.045
MCD260529P00215000,0.0,0.0,0.95,2026-04-28 13:28:44.130553,2026-05-29,215.0,put,0.0,0.0,0.5505,292.0,0.045,0.045,0.045
MCD260529C00220000,0.0,69.65,73.5,2026-04-28 13:28:44.130561,2026-05-29,220.0,call,0.0,0.0,0.3549,292.0,0.045,0.045,0.045
MCD260529P00220000,0.0,0.0,0.75,2026-04-28 13:28:44.130569,2026-05-29,220.0,put,0.0,0.0,0.4948,292.0,0.045,0.045,0.045
MCD260529C00225000,0.0,64.7,68.7,2026-04-28 13:28:44.130576,2026-05-29,225.0,call,0.0,0.0,0.3952,292.0,0.045,0.045,0.045
MCD260529P00225000,0.0,0.0,0.75,2026-04-28 13:28:44.130584,2026-05-29,225.0,put,0.0,0.0,0.4609,292.0,0.045,0.045,0.045
MCD260529C00230000,0.0,59.7,63.8,2026-04-28 13:28:44.130591,2026-05-29,230.0,call,0.0,0.0,0.3764,292.0,0.045,0.045,0.045
MCD260529P00230000,0.0,0.0,0.48,2026-04-28 13:28:44.130599,2026-05-29,230.0,put,0.0,0.0,0.3977,292.0,0.045,0.045,0.045
MCD260529C00235000,0.0,55.8,58.8,2026-04-28 13:28:44.130605,2026-05-29,235.0,call,0.0,0.0,0.4426,292.0,0.045,0.045,0.045
MCD260529P00235000,0.0,0.0,0.95,2026-04-28 13:28:44.130612,2026-05-29,235.0,put,0.0,0.0,0.4113,292.0,0.045,0.045,0.045
MCD260529C00240000,0.0,51.05,53.95,2026-04-28 13:28:44.130619,2026-05-29,240.0,call,0.0,0.0,0.4274,292.0,0.045,0.045,0.045
MCD260529P00240000,0.22,0.0,0.65,2026-04-27 14:41:57.000000,2026-05-29,240.0,put,2.0,3.0,0.3526,292.0,0.045,0.045,0.045
MCD260529C00245000,0.0,45.8,48.95,2026-04-28 13:28:44.130637,2026-05-29,245.0,call,0.0,0.0,0.376,292.0,0.045,0.045,0.045
MCD260529P00245000,0.0,0.0,1.15,2026-04-28 13:28:44.130644,2026-05-29,245.0,put,0.0,0.0,0.3569,292.0,0.045,0.045,0.045
MCD260529C00250000,0.0,40.75,44.15,2026-04-28 13:28:44.130652,2026-05-29,250.0,call,0.0,0.0,0.3464,292.0,0.045,0.045,0.045
MCD260529P00250000,0.45,0.0,1.55,2026-04-15 10:49:01.000000,2026-05-29,250.0,put,4.0,0.0,0.3442,292.0,0.045,0.045,0.045
MCD260529C00255000,0.0,36.1,39.25,2026-04-28 13:28:44.130666,2026-05-29,255.0,call,0.0,0.0,0.3286,292.0,0.045,0.045,0.045
MCD260529P00255000,0.0,0.0,1.2,2026-04-28 13:28:44.130675,2026-05-29,255.0,put,0.0,0.0,0.2917,292.0,0.045,0.045,0.045
MCD260529C00260000,0.0,31.6,34.55,2026-04-28 13:28:44.130685,2026-05-29,260.0,call,0.0,0.0,0.3184,292.0,0.045,0.045,0.045
MCD260529P00260000,0.75,0.44,1.24,2026-04-27 14:41:57.000000,2026-05-29,260.0,put,6.0,9.0,0.279,292.0,0.045,0.045,0.045
MCD260529C00265000,38.74,26.95,29.85,2026-04-21 14:11:32.000000,2026-05-29,265.0,call,9.0,0.0,0.297,292.0,0.045,0.045,0.045
MCD260529P00265000,1.2,1.05,1.61,2026-04-27 15:31:43.000000,2026-05-29,265.0,put,14.0,64.0,0.2757,292.0,0.045,0.045,0.045
MCD260529C00270000,32.0,22.5,25.2,2026-04-24 15:31:52.000000,2026-05-29,270.0,call,1.0,0.0,0.2773,292.0,0.045,0.045,0.045
MCD260529P00270000,1.68,1.22,2.0,2026-04-27 15:30:09.000000,2026-05-29,270.0,put,5.0,63.0,0.2514,292.0,0.045,0.045,0.045
MCD260529C00275000,0.0,18.25,21.3,2026-04-28 13:28:44.130729,2026-05-29,275.0,call,0.0,0.0,0.2709,292.0,0.045,0.045,0.045
MCD260529P00275000,2.38,2.02,2.89,2026-04-27 15:51:32.000000,2026-05-29,275.0,put,38.0,26.0,0.2467,292.0,0.045,0.045,0.045
MCD260529C00280000,0.0,14.4,16.9,2026-04-28 13:28:44.130743,2026-05-29,280.0,call,0.0,0.0,0.2525,292.0,0.045,0.045,0.045
MCD260529P00280000,3.48,3.1,4.05,2026-04-27 15:51:32.000000,2026-05-29,280.0,put,68.0,36.0,0.2403,292.0,0.045,0.045,0.045
MCD260529C00285000,14.28,11.4,13.5,2026-04-27 12:53:15.000000,2026-05-29,285.0,call,0.0,2.0,0.2543,292.0,0.045,0.045,0.045
MCD260529P00285000,4.52,4.3,5.55,2026-04-27 14:15:16.000000,2026-05-29,285.0,put,111.0,10.0,0.2287,292.0,0.045,0.045,0.045
MCD260529C00290000,9.3,8.6,9.95,2026-04-27 15:56:55.000000,2026-05-29,290.0,call,1.0,9.0,0.2435,292.0,0.045,0.045,0.045
MCD260529P00290000,6.86,7.15,7.65,2026-04-27 15:28:27.000000,2026-05-29,290.0,put,40.0,32.0,0.2376,292.0,0.045,0.045,0.045
MCD260529C00295000,7.06,6.15,7.95,2026-04-27 15:56:55.000000,2026-05-29,295.0,call,43.0,7.0,0.2473,292.0,0.045,0.045,0.045
MCD260529P00295000,9.23,8.6,10.55,2026-04-27 15:16:51.000000,2026-05-29,295.0,put,91.0,44.0,0.2224,292.0,0.045,0.045,0.045
MCD260529C00300000,4.9,4.5,5.05,2026-04-27 15:28:28.000000,2026-05-29,300.0,call,8.0,71.0,0.2359,292.0,0.045,0.045,0.045
MCD260529P00300000,7.7,11.85,13.75,2026-04-24 15:43:20.000000,2026-05-29,300.0,put,126.0,0.0,0.2226,292.0,0.045,0.045,0.045
MCD260529C00305000,3.15,2.71,3.7,2026-04-27 15:56:55.000000,2026-05-29,305.0,call,87.0,106.0,0.2318,292.0,0.045,0.045,0.045
MCD260529P00305000,13.85,15.35,17.75,2026-04-27 12:58:16.000000,2026-05-29,305.0,put,21.0,51.0,0.2248,292.0,0.045,0.045,0.045
MCD260529C00310000,2.34,1.85,2.33,2026-04-27 15:51:52.000000,2026-05-29,310.0,call,21.0,9.0,0.2336,292.0,0.045,0.045,0.045
MCD260529P00310000,20.35,19.35,21.45,2026-04-27 15:56:55.000000,2026-05-29,310.0,put,49.0,21.0,0.2118,292.0,0.045,0.045,0.045
MCD260529C00315000,1.69,1.01,1.97,2026-04-27 13:52:25.000000,2026-05-29,315.0,call,53.0,5.0,0.2371,292.0,0.045,0.045,0.045
MCD260529P00315000,24.46,24.4,26.05,2026-04-27 15:53:46.000000,2026-05-29,315.0,put,13.0,33.0,0.2345,292.0,0.045,0.045,0.045
MCD260529C00320000,0.73,0.55,1.12,2026-04-27 15:51:44.000000,2026-05-29,320.0,call,25.0,7.0,0.2295,292.0,0.045,0.045,0.045
MCD260529P00320000,0.0,28.1,30.45,2026-04-28 13:28:44.131700,2026-05-29,320.0,put,0.0,0.0,0.31325102788985115,292.0,0.045,0.045,0.045
MCD260529C00325000,0.57,0.33,0.79,2026-04-27 15:17:07.000000,2026-05-29,325.0,call,18.0,3.0,0.235,292.0,0.045,0.045,0.045
MCD260529P00325000,23.34,33.25,36.3,2026-04-23 13:53:32.000000,2026-05-29,325.0,put,43.0,0.0,0.241,292.0,0.045,0.045,0.045
MCD260529C00330000,0.38,0.09,0.51,2026-04-27 14:05:58.000000,2026-05-29,330.0,call,14.0,11.0,0.2307,292.0,0.045,0.045,0.045
MCD260529P00330000,0.0,38.0,41.55,2026-04-28 13:28:44.131747,2026-05-29,330.0,put,0.0,0.0,0.266,292.0,0.045,0.045,0.045
MCD260529C00335000,0.2,0.02,0.64,2026-04-27 15:36:44.000000,2026-05-29,335.0,call,12.0,1.0,0.2577,292.0,0.045,0.045,0.045
MCD260529P00335000,0.0,43.05,46.45,2026-04-28 13:28:44.131764,2026-05-29,335.0,put,0.0,0.0,0.2731,292.0,0.045,0.045,0.045
MCD260529C00340000,0.01,0.01,0.95,2026-04-24 11:06:16.000000,2026-05-29,340.0,call,58.0,0.0,0.2998,292.0,0.045,0.045,0.045
MCD260529P00340000,0.0,47.95,51.3,2026-04-28 13:28:44.132669,2026-05-29,340.0,put,0.0,0.0,0.46360819573549134,292.0,0.045,0.045,0.045
MCD260529C00345000,0.0,0.0,0.95,2026-04-28 13:28:44.132687,2026-05-29,345.0,call,0.0,0.0,0.3218,292.0,0.045,0.045,0.045
MCD260529P00345000,0.0,52.9,56.5,2026-04-28 13:28:44.133655,2026-05-29,345.0,put,0.0,0.0,0.49833836323722175,292.0,0.045,0.045,0.045
MCD260529C00350000,0.69,0.0,0.75,2026-04-17 13:24:44.000000,2026-05-29,350.0,call,7.0,0.0,0.3293,292.0,0.045,0.045,0.045
MCD260529P00350000,0.0,57.6,61.55,2026-04-28 13:28:44.134647,2026-05-29,350.0,put,0.0,0.0,0.5218002809713366,292.0,0.045,0.045,0.045
MCD260529C00355000,0.0,0.0,0.75,2026-04-28 13:28:44.134664,2026-05-29,355.0,call,0.0,0.0,0.3501,292.0,0.045,0.045,0.045
MCD260529P00355000,0.0,62.55,66.45,2026-04-28 13:28:44.135699,2026-05-29,355.0,put,0.0,0.0,0.5467512698484677,292.0,0.045,0.045,0.045
MCD260529C00360000,0.0,0.0,0.95,2026-04-28 13:28:44.135715,2026-05-29,360.0,call,0.0,0.0,0.3861,292.0,0.045,0.045,0.045
MCD260529P00360000,0.0,67.75,71.55,2026-04-28 13:28:44.136737,2026-05-29,360.0,put,0.0,0.0,0.5833738625146626,292.0,0.045,0.045,0.045
MCD260529C00365000,0.0,0.0,2.16,2026-04-28 13:28:44.136753,2026-05-29,365.0,call,0.0,0.0,0.4752,292.0,0.045,0.045,0.045
MCD260529P00365000,0.0,72.75,76.55,2026-04-28 13:28:44.137795,2026-05-29,365.0,put,0.0,0.0,0.6110844088307511,292.0,0.045,0.045,0.045
MCD260529C00370000,0.0,0.0,2.15,2026-04-28 13:28:44.137813,2026-05-29,370.0,call,0.0,0.0,0.4967,292.0,0.045,0.045,0.045
MCD260529P00370000,0.0,77.7,81.45,2026-04-28 13:28:44.138874,2026-05-29,370.0,put,0.0,0.0,0.6337921679502113,292.0,0.045,0.045,0.045
MCD260529C00375000,0.0,0.0,2.15,2026-04-28 13:28:44.138891,2026-05-29,375.0,call,0.0,0.0,0.5182,292.0,0.045,0.045,0.045
MCD260529P00375000,0.0,82.7,86.55,2026-04-28 13:28:44.139915,2026-05-29,375.0,put,0.0,0.0,0.6631133776070597,292.0,0.045,0.045,0.045
MCD260529C00380000,0.0,0.0,2.15,2026-04-28 13:28:44.139931,2026-05-29,380.0,call,0.0,0.0,0.5393,292.0,0.045,0.045,0.045
MCD260529P00380000,0.0,87.55,91.5,2026-04-28 13:28:44.141036,2026-05-29,380.0,put,0.0,0.0,0.6829162903238435,292.0,0.045,0.045,0.045
MCD260529C00385000,0.0,0.0,2.14,2026-04-28 13:28:44.141052,2026-05-29,385.0,call,0.0,0.0,0.5593,292.0,0.045,0.045,0.045
MCD260529P00385000,0.0,92.6,96.5,2026-04-28 13:28:44.142151,2026-05-29,385.0,put,0.0,0.0,0.709667672143045,292.0,0.045,0.045,0.045
MCD260529C00390000,0.0,0.0,2.14,2026-04-28 13:28:44.142167,2026-05-29,390.0,call,0.0,0.0,0.5795,292.0,0.045,0.045,0.045
MCD260529P00390000,0.0,97.6,101.45,2026-04-28 13:28:44.143280,2026-05-29,390.0,put,0.0,0.0,0.732827435801716,292.0,0.045,0.045,0.045
MCD260529C00395000,0.0,0.0,2.14,2026-04-28 13:28:44.143298,2026-05-29,395.0,call,0.0,0.0,0.5992,292.0,0.045,0.045,0.045
MCD260529P00395000,0.0,102.55,106.45,2026-04-28 13:28:44.144390,2026-05-29,395.0,put,0.0,0.0,0.7554572055588739,292.0,0.045,0.045,0.045
MCD260529C00400000,0.0,0.0,2.14,2026-04-28 13:28:44.144406,2026-05-29,400.0,call,0.0,0.0,0.6185,292.0,0.045,0.045,0.045
MCD260529P00400000,0.0,107.55,111.55,2026-04-28 13:28:44.145490,2026-05-29,400.0,put,0.0,0.0,0.7824331996410494,292.0,0.045,0.045,0.045
MCD260529C00405000,0.0,0.0,2.14,2026-04-28 13:28:44.145507,2026-05-29,405.0,call,0.0,0.0,0.6375,292.0,0.045,0.045,0.045
MCD260529P00405000,0.0,112.55,116.55,2026-04-28 13:28:44.146595,2026-05-29,405.0,put,0.0,0.0,0.8057916666567194,292.0,0.045,0.045,0.045
MCD260605P00170000,0.0,0.0,2.13,2026-04-28 13:28:44.146776,2026-06-05,170.0,put,0.0,0.0,0.934,292.0,0.045,0.045,0.045
MCD260605P00180000,0.0,0.0,2.13,2026-04-28 13:28:44.146959,2026-06-05,180.0,put,0.0,0.0,0.8473,292.0,0.045,0.045,0.045
MCD260605P00190000,0.0,0.0,2.14,2026-04-28 13:28:44.147138,2026-06-05,190.0,put,0.0,0.0,0.7655,292.0,0.045,0.045,0.045
MCD260605P00195000,0.0,0.0,2.14,2026-04-28 13:28:44.147338,2026-06-05,195.0,put,0.0,0.0,0.7256,292.0,0.045,0.045,0.045
MCD260605P00200000,0.0,0.0,2.15,2026-04-28 13:28:44.147524,2026-06-05,200.0,put,0.0,0.0,0.6871,292.0,0.045,0.045,0.045
MCD260605P00205000,0.0,0.0,2.16,2026-04-28 13:28:44.147706,2026-06-05,205.0,put,0.0,0.0,0.6494,292.0,0.045,0.045,0.045
MCD260605P00210000,0.0,0.0,0.95,2026-04-28 13:28:44.147889,2026-06-05,210.0,put,0.0,0.0,0.5251,292.0,0.045,0.045,0.045
MCD260605P00215000,0.0,0.0,1.15,2026-04-28 13:28:44.148133,2026-06-05,215.0,put,0.0,0.0,0.5089,292.0,0.045,0.045,0.045
MCD260605P00220000,0.0,0.0,1.22,2026-04-28 13:28:44.148325,2026-06-05,220.0,put,0.0,0.0,0.4809,292.0,0.045,0.045,0.045
MCD260605C00225000,0.0,64.7,68.65,2026-04-28 13:28:44.148338,2026-06-05,225.0,call,0.0,0.0,0.3154,292.0,0.045,0.045,0.045
MCD260605P00225000,0.0,0.0,1.15,2026-04-28 13:28:44.148349,2026-06-05,225.0,put,0.0,0.0,0.4431,292.0,0.045,0.045,0.045
MCD260605C00230000,0.0,60.15,63.7,2026-04-28 13:28:44.148358,2026-06-05,230.0,call,0.0,0.0,0.3799,292.0,0.045,0.045,0.045
MCD260605P00230000,0.0,0.0,0.48,2026-04-28 13:28:44.148365,2026-06-05,230.0,put,0.0,0.0,0.354,292.0,0.045,0.045,0.045
MCD260605C00235000,0.0,55.5,58.85,2026-04-28 13:28:44.148373,2026-06-05,235.0,call,0.0,0.0,0.3896,292.0,0.045,0.045,0.045
MCD260605P00235000,0.22,0.0,0.43,2026-04-27 14:58:51.000000,2026-06-05,235.0,put,12.0,3.0,0.3202,292.0,0.045,0.045,0.045
MCD260605C00240000,0.0,50.0,53.95,2026-04-28 13:28:44.148391,2026-06-05,240.0,call,0.0,0.0,0.3238,292.0,0.045,0.045,0.045
MCD260605P00240000,0.26,0.01,0.49,2026-04-27 14:54:46.000000,2026-06-05,240.0,put,10.0,8.0,0.2997,292.0,0.045,0.045,0.045
MCD260605C00245000,0.0,46.0,49.0,2026-04-28 13:28:44.148406,2026-06-05,245.0,call,0.0,0.0,0.3584,292.0,0.045,0.045,0.045
MCD260605P00245000,0.34,0.0,0.79,2026-04-27 11:14:05.000000,2026-06-05,245.0,put,0.0,1.0,0.2944,292.0,0.045,0.045,0.045
MCD260605C00250000,0.0,40.8,44.15,2026-04-28 13:28:44.148420,2026-06-05,250.0,call,0.0,0.0,0.3213,292.0,0.045,0.045,0.045
MCD260605P00250000,0.54,0.08,1.01,2026-04-27 14:45:37.000000,2026-06-05,250.0,put,0.0,12.0,0.2824,292.0,0.045,0.045,0.045
MCD260605C00255000,0.0,35.95,39.35,2026-04-28 13:28:44.148434,2026-06-05,255.0,call,0.0,0.0,0.3016,292.0,0.045,0.045,0.045
MCD260605P00255000,0.76,0.3,1.14,2026-04-27 14:58:51.000000,2026-06-05,255.0,put,12.0,14.0,0.2678,292.0,0.045,0.045,0.045
MCD260605C00260000,0.0,31.65,34.7,2026-04-28 13:28:44.148447,2026-06-05,260.0,call,0.0,0.0,0.3011,292.0,0.045,0.045,0.045
MCD260605P00260000,1.05,0.59,1.65,2026-04-27 14:54:46.000000,2026-06-05,260.0,put,10.0,9.0,0.2633,292.0,0.045,0.045,0.045
MCD260605C00265000,0.0,26.75,29.9,2026-04-28 13:28:44.148462,2026-06-05,265.0,call,0.0,0.0,0.272,292.0,0.045,0.045,0.045
MCD260605P00265000,1.46,1.03,2.11,2026-04-27 15:00:21.000000,2026-06-05,265.0,put,0.0,6.0,0.2531,292.0,0.045,0.045,0.045
MCD260605C00270000,0.0,22.7,25.45,2026-04-28 13:28:44.148476,2026-06-05,270.0,call,0.0,0.0,0.268,292.0,0.045,0.045,0.045
MCD260605P00270000,2.33,2.1,2.7,2026-04-27 15:54:01.000000,2026-06-05,270.0,put,0.0,14.0,0.2519,292.0,0.045,0.045,0.045
MCD260605C00275000,0.0,18.5,21.4,2026-04-28 13:28:44.148490,2026-06-05,275.0,call,0.0,0.0,0.2591,292.0,0.045,0.045,0.045
MCD260605P00275000,2.71,2.53,3.65,2026-04-27 15:20:07.000000,2026-06-05,275.0,put,0.0,38.0,0.2354,292.0,0.045,0.045,0.045
MCD260605C00280000,0.0,15.0,17.1,2026-04-28 13:28:44.148504,2026-06-05,280.0,call,0.0,0.0,0.2486,292.0,0.045,0.045,0.045
MCD260605P00280000,4.3,3.55,4.85,2026-04-27 15:21:10.000000,2026-06-05,280.0,put,30.0,27.0,0.2245,292.0,0.045,0.045,0.045
MCD260605C00285000,0.0,11.85,13.5,2026-04-28 13:28:44.148517,2026-06-05,285.0,call,0.0,0.0,0.2438,292.0,0.045,0.045,0.045
MCD260605P00285000,5.5,5.15,6.8,2026-04-27 14:06:45.000000,2026-06-05,285.0,put,5.0,13.0,0.222,292.0,0.045,0.045,0.045
MCD260605C00290000,9.35,8.65,10.35,2026-04-27 15:53:42.000000,2026-06-05,290.0,call,0.0,4.0,0.2334,292.0,0.045,0.045,0.045
MCD260605P00290000,8.5,7.05,9.15,2026-04-27 15:54:31.000000,2026-06-05,290.0,put,6.0,22.0,0.2169,292.0,0.045,0.045,0.045
MCD260605C00295000,7.0,6.4,7.9,2026-04-27 15:35:34.000000,2026-06-05,295.0,call,0.0,5.0,0.2335,292.0,0.045,0.045,0.045
MCD260605P00295000,8.26,9.65,11.75,2026-04-27 10:52:02.000000,2026-06-05,295.0,put,1.0,2.0,0.2116,292.0,0.045,0.045,0.045
MCD260605C00300000,6.7,4.5,6.25,2026-04-27 10:40:21.000000,2026-06-05,300.0,call,3.0,3.0,0.2374,292.0,0.045,0.045,0.045
MCD260605P00300000,10.8,12.95,15.0,2026-04-27 09:53:00.000000,2026-06-05,300.0,put,4.0,2.0,0.2118,292.0,0.045,0.045,0.045
MCD260605C00305000,4.5,3.15,4.55,2026-04-27 13:11:08.000000,2026-06-05,305.0,call,1.0,14.0,0.2365,292.0,0.045,0.045,0.045
MCD260605P00305000,17.5,16.2,18.7,2026-04-27 15:56:55.000000,2026-06-05,305.0,put,5.0,10.0,0.2047,292.0,0.045,0.045,0.045
MCD260605C00310000,2.57,1.79,3.1,2026-04-27 15:12:04.000000,2026-06-05,310.0,call,2.0,4.0,0.2273,292.0,0.045,0.045,0.045
MCD260605P00310000,20.25,20.0,22.75,2026-04-27 15:18:52.000000,2026-06-05,310.0,put,1.0,32.0,0.1981,292.0,0.045,0.045,0.045
MCD260605C00315000,2.0,0.91,2.48,2026-04-27 12:22:15.000000,2026-06-05,315.0,call,2.0,1.0,0.2301,292.0,0.045,0.045,0.045
MCD260605P00315000,0.0,24.65,27.1,2026-04-28 13:28:44.148612,2026-06-05,315.0,put,0.0,0.0,0.204,292.0,0.045,0.045,0.045
MCD260605C00320000,1.12,0.78,1.57,2026-04-27 15:15:20.000000,2026-06-05,320.0,call,0.0,7.0,0.2339,292.0,0.045,0.045,0.045
MCD260605P00320000,0.0,28.6,31.5,2026-04-28 13:28:44.148628,2026-06-05,320.0,put,0.0,0.0,0.1645,292.0,0.045,0.045,0.045
MCD260605C00325000,0.0,0.22,1.46,2026-04-28 13:28:44.148636,2026-06-05,325.0,call,0.0,0.0,0.2397,292.0,0.045,0.045,0.045
MCD260605P00325000,0.0,33.65,36.15,2026-04-28 13:28:44.148644,2026-06-05,325.0,put,0.0,0.0,0.1583,292.0,0.045,0.045,0.045
MCD260605C00330000,2.45,0.0,1.85,2026-04-23 13:29:25.000000,2026-06-05,330.0,call,1.0,0.0,0.2704,292.0,0.045,0.045,0.045
MCD260605P00330000,0.0,38.05,41.9,2026-04-28 13:28:44.149434,2026-06-05,330.0,put,0.0,0.0,0.38422673055032974,292.0,0.045,0.045,0.045
MCD260605C00335000,0.0,0.0,0.9,2026-04-28 13:28:44.149450,2026-06-05,335.0,call,0.0,0.0,0.2526,292.0,0.045,0.045,0.045
MCD260605P00335000,0.0,43.0,46.85,2026-04-28 13:28:44.149464,2026-06-05,335.0,put,0.0,0.0,0.2112,292.0,0.045,0.045,0.045
MCD260605C00340000,0.0,0.0,1.19,2026-04-28 13:28:44.149474,2026-06-05,340.0,call,0.0,0.0,0.2888,292.0,0.045,0.045,0.045
MCD260605P00340000,0.0,48.0,51.85,2026-04-28 13:28:44.149482,2026-06-05,340.0,put,0.0,0.0,0.2337,292.0,0.045,0.045,0.045
MCD260605C00345000,0.0,0.0,0.95,2026-04-28 13:28:44.149489,2026-06-05,345.0,call,0.0,0.0,0.297,292.0,0.045,0.045,0.045
MCD260605P00345000,0.0,53.0,56.7,2026-04-28 13:28:44.149497,2026-06-05,345.0,put,0.0,0.0,0.2362,292.0,0.045,0.045,0.045
MCD260605C00350000,0.0,0.0,1.15,2026-04-28 13:28:44.149504,2026-06-05,350.0,call,0.0,0.0,0.3283,292.0,0.045,0.045,0.045
MCD260605P00350000,0.0,58.0,61.65,2026-04-28 13:28:44.149510,2026-06-05,350.0,put,0.0,0.0,0.2507,292.0,0.045,0.045,0.045
MCD260605C00355000,0.0,0.0,0.95,2026-04-28 13:28:44.149516,2026-06-05,355.0,call,0.0,0.0,0.3363,292.0,0.045,0.045,0.045
MCD260605P00355000,0.0,62.75,66.8,2026-04-28 13:28:44.149523,2026-06-05,355.0,put,0.0,0.0,0.2534,292.0,0.045,0.045,0.045
MCD260605C00360000,0.0,0.0,1.15,2026-04-28 13:28:44.149531,2026-06-05,360.0,call,0.0,0.0,0.3676,292.0,0.045,0.045,0.045
MCD260605P00360000,0.0,67.7,71.55,2026-04-28 13:28:44.150510,2026-06-05,360.0,put,0.0,0.0,0.53933522547015,292.0,0.045,0.045,0.045
MCD260605C00365000,0.0,0.0,0.95,2026-04-28 13:28:44.150527,2026-06-05,365.0,call,0.0,0.0,0.3738,292.0,0.045,0.045,0.045
MCD260605P00365000,0.0,72.65,76.55,2026-04-28 13:28:44.151485,2026-06-05,365.0,put,0.0,0.0,0.5636581609095217,292.0,0.045,0.045,0.045
MCD260605C00370000,0.0,0.0,0.95,2026-04-28 13:28:44.151501,2026-06-05,370.0,call,0.0,0.0,0.3919,292.0,0.045,0.045,0.045
MCD260605P00370000,0.0,77.65,81.5,2026-04-28 13:28:44.152556,2026-06-05,370.0,put,0.0,0.0,0.5873310769528125,292.0,0.045,0.045,0.045
MCD260605C00375000,0.0,0.0,1.4,2026-04-28 13:28:44.152572,2026-06-05,375.0,call,0.0,0.0,0.4381,292.0,0.045,0.045,0.045
MCD260605P00375000,0.0,82.55,86.6,2026-04-28 13:28:44.153607,2026-06-05,375.0,put,0.0,0.0,0.6116792059758696,292.0,0.045,0.045,0.045
MCD260605C00380000,0.0,0.0,2.13,2026-04-28 13:28:44.153623,2026-06-05,380.0,call,0.0,0.0,0.4943,292.0,0.045,0.045,0.045
MCD260605P00380000,0.0,87.6,91.45,2026-04-28 13:28:44.154664,2026-06-05,380.0,put,0.0,0.0,0.6328889663972854,292.0,0.045,0.045,0.045
MCD260605C00385000,0.0,0.0,2.13,2026-04-28 13:28:44.154680,2026-06-05,385.0,call,0.0,0.0,0.513,292.0,0.045,0.045,0.045
MCD260605P00385000,0.0,92.55,96.55,2026-04-28 13:28:44.155714,2026-06-05,385.0,put,0.0,0.0,0.6575121045248208,292.0,0.045,0.045,0.045
MCD260605C00390000,0.0,0.0,2.13,2026-04-28 13:28:44.155731,2026-06-05,390.0,call,0.0,0.0,0.5307,292.0,0.045,0.045,0.045
MCD260605P00390000,0.0,97.5,101.5,2026-04-28 13:28:44.156826,2026-06-05,390.0,put,0.0,0.0,0.6776593656973349,292.0,0.045,0.045,0.045
MCD260605C00395000,0.0,0.0,2.13,2026-04-28 13:28:44.156843,2026-06-05,395.0,call,0.0,0.0,0.5486,292.0,0.045,0.045,0.045
MCD260605P00395000,0.0,102.55,106.55,2026-04-28 13:28:44.157936,2026-06-05,395.0,put,0.0,0.0,0.7027673384489327,292.0,0.045,0.045,0.045
MCD260605C00400000,0.0,0.0,2.13,2026-04-28 13:28:44.157952,2026-06-05,400.0,call,0.0,0.0,0.5661,292.0,0.045,0.045,0.045
MCD260605P00400000,0.0,107.55,111.5,2026-04-28 13:28:44.159058,2026-06-05,400.0,put,0.0,0.0,0.7233739191851376,292.0,0.045,0.045,0.045
MCD260605C00405000,0.0,0.0,2.13,2026-04-28 13:28:44.159074,2026-06-05,405.0,call,0.0,0.0,0.5833,292.0,0.045,0.045,0.045
MCD260605P00405000,0.0,112.5,116.5,2026-04-28 13:28:44.160175,2026-06-05,405.0,put,0.0,0.0,0.7435453074900968,292.0,0.045,0.045,0.045
MCD260618C00140000,171.45,149.15,153.1,2026-04-09 15:08:33.000000,2026-06-18,140.0,call,1.0,0.0,0.8226,292.0,0.045,0.045,0.045
MCD260618P00140000,0.01,0.0,2.0,2026-04-20 10:13:56.000000,2026-06-18,140.0,put,29.0,0.0,1.0512,292.0,0.045,0.045,0.045
MCD260618C00145000,0.0,144.25,148.2,2026-04-28 13:28:44.160215,2026-06-18,145.0,call,0.0,0.0,0.825,292.0,0.045,0.045,0.045
MCD260618P00145000,0.13,0.0,0.38,2026-04-06 09:30:11.000000,2026-06-18,145.0,put,11.0,0.0,0.7867,292.0,0.045,0.045,0.045
MCD260618C00150000,163.75,139.2,143.15,2025-08-19 10:57:19.000000,2026-06-18,150.0,call,0.0,0.0,0.7592,292.0,0.045,0.045,0.045
MCD260618P00150000,0.07,0.0,2.14,2025-10-17 15:50:33.000000,2026-06-18,150.0,put,4.0,0.0,0.9741,292.0,0.045,0.045,0.045
MCD260618C00155000,0.0,134.3,138.25,2026-04-28 13:28:44.160247,2026-06-18,155.0,call,0.0,0.0,0.7594,292.0,0.045,0.045,0.045
MCD260618P00155000,0.13,0.0,2.14,2025-10-17 15:50:33.000000,2026-06-18,155.0,put,5.0,0.0,0.9313,292.0,0.045,0.045,0.045
MCD260618C00160000,0.0,129.2,133.2,2026-04-28 13:28:44.160262,2026-06-18,160.0,call,0.0,0.0,0.6986,292.0,0.045,0.045,0.045
MCD260618P00160000,0.5,0.0,2.15,2025-11-20 09:57:04.000000,2026-06-18,160.0,put,4.0,0.0,0.8907,292.0,0.045,0.045,0.045
MCD260618C00165000,143.65,124.35,128.25,2025-11-14 09:37:28.000000,2026-06-18,165.0,call,0.0,0.0,0.6838,292.0,0.045,0.045,0.045
MCD260618P00165000,0.15,0.0,2.15,2026-04-13 09:39:44.000000,2026-06-18,165.0,put,6.0,0.0,0.8504,292.0,0.045,0.045,0.045
MCD260618C00170000,0.0,119.25,123.25,2026-04-28 13:28:44.160296,2026-06-18,170.0,call,0.0,0.0,0.6408,292.0,0.045,0.045,0.045
MCD260618P00170000,0.13,0.0,2.16,2026-03-27 14:39:26.000000,2026-06-18,170.0,put,25.0,0.0,0.812,292.0,0.045,0.045,0.045
MCD260618C00175000,0.0,114.4,118.35,2026-04-28 13:28:44.160310,2026-06-18,175.0,call,0.0,0.0,0.6353,292.0,0.045,0.045,0.045
MCD260618P00175000,0.48,0.0,2.17,2025-12-02 15:17:09.000000,2026-06-18,175.0,put,16.0,0.0,0.7746,292.0,0.045,0.045,0.045
MCD260618C00180000,0.0,109.45,113.3,2026-04-28 13:28:44.160328,2026-06-18,180.0,call,0.0,0.0,0.5963,292.0,0.045,0.045,0.045
MCD260618P00180000,0.22,0.0,0.96,2025-11-20 09:43:14.000000,2026-06-18,180.0,put,2.0,0.0,0.6401,292.0,0.045,0.045,0.045
MCD260618C00185000,0.0,104.4,108.4,2026-04-28 13:28:44.160345,2026-06-18,185.0,call,0.0,0.0,0.568,292.0,0.045,0.045,0.045
MCD260618P00185000,0.1,0.0,0.8,2026-02-05 10:45:02.000000,2026-06-18,185.0,put,8.0,0.0,0.5907,292.0,0.045,0.045,0.045
MCD260618C00190000,117.73,99.5,103.35,2026-03-24 09:30:31.000000,2026-06-18,190.0,call,4.0,0.0,0.5403,292.0,0.045,0.045,0.045
MCD260618P00190000,0.39,0.0,0.39,2025-12-02 13:10:29.000000,2026-06-18,190.0,put,9.0,0.0,0.5049,292.0,0.045,0.045,0.045
MCD260618C00195000,96.85,95.5,98.4,2025-06-23 09:47:45.000000,2026-06-18,195.0,call,1.0,0.0,0.6189,292.0,0.045,0.045,0.045
MCD260618P00195000,0.33,0.0,0.42,2026-03-25 09:38:04.000000,2026-06-18,195.0,put,59.0,0.0,0.482,292.0,0.045,0.045,0.045
MCD260618C00200000,107.25,90.05,93.5,2026-01-22 10:05:02.000000,2026-06-18,200.0,call,22.0,0.0,0.5551,292.0,0.045,0.045,0.045
MCD260618P00200000,0.08,0.03,0.36,2026-04-27 15:51:32.000000,2026-06-18,200.0,put,118.0,7.0,0.4498,292.0,0.045,0.045,0.045
MCD260618C00205000,0.0,85.45,88.45,2026-04-28 13:28:44.160400,2026-06-18,205.0,call,0.0,0.0,0.5513,292.0,0.045,0.045,0.045
MCD260618P00205000,0.63,0.0,0.44,2025-12-03 09:58:29.000000,2026-06-18,205.0,put,0.0,0.0,0.4307,292.0,0.045,0.045,0.045
MCD260618C00210000,121.33,79.65,83.5,2026-02-25 10:01:41.000000,2026-06-18,210.0,call,10.0,0.0,0.4474,292.0,0.045,0.045,0.045
MCD260618P00210000,0.21,0.0,0.67,2026-04-10 13:17:31.000000,2026-06-18,210.0,put,199.0,0.0,0.4305,292.0,0.045,0.045,0.045
MCD260618C00215000,93.5,75.6,78.5,2025-11-05 09:38:48.000000,2026-06-18,215.0,call,1.0,0.0,0.4926,292.0,0.045,0.045,0.045
MCD260618P00215000,0.87,0.0,0.32,2025-12-03 09:35:00.000000,2026-06-18,215.0,put,10.0,0.0,0.3619,292.0,0.045,0.045,0.045
MCD260618C00220000,92.02,70.45,73.6,2025-10-28 13:59:16.000000,2026-06-18,220.0,call,2.0,0.0,0.4565,292.0,0.045,0.045,0.045
MCD260618P00220000,0.21,0.0,0.29,2026-04-27 15:42:59.000000,2026-06-18,220.0,put,97.0,8.0,0.3329,292.0,0.045,0.045,0.045
MCD260618C00225000,78.42,65.7,68.65,2026-04-24 14:43:35.000000,2026-06-18,225.0,call,2.0,0.0,0.445,292.0,0.045,0.045,0.045
MCD260618P00225000,0.29,0.05,0.42,2026-04-24 15:49:34.000000,2026-06-18,225.0,put,99.0,0.0,0.3313,292.0,0.045,0.045,0.045
MCD260618C00230000,82.5,60.6,63.75,2025-10-28 14:30:19.000000,2026-06-18,230.0,call,4.0,0.0,0.4075,292.0,0.045,0.045,0.045
MCD260618P00230000,0.31,0.05,0.48,2026-04-27 15:42:59.000000,2026-06-18,230.0,put,107.0,3.0,0.3122,292.0,0.045,0.045,0.045
MCD260618C00235000,86.36,56.1,58.9,2025-12-17 14:35:42.000000,2026-06-18,235.0,call,10.0,0.0,0.4038,292.0,0.045,0.045,0.045
MCD260618P00235000,0.45,0.29,0.57,2026-04-27 15:54:22.000000,2026-06-18,235.0,put,108.0,1.0,0.3116,292.0,0.045,0.045,0.045
MCD260618C00240000,68.88,51.35,53.95,2026-03-24 09:30:31.000000,2026-06-18,240.0,call,18.0,0.0,0.3819,292.0,0.045,0.045,0.045
MCD260618P00240000,0.59,0.45,0.71,2026-04-27 15:41:40.000000,2026-06-18,240.0,put,303.0,6.0,0.3023,292.0,0.045,0.045,0.045
MCD260618C00245000,60.8,46.05,49.05,2025-10-31 11:57:36.000000,2026-06-18,245.0,call,22.0,0.0,0.3423,292.0,0.045,0.045,0.045
MCD260618P00245000,0.73,0.72,0.85,2026-04-27 15:25:27.000000,2026-06-18,245.0,put,158.0,2.0,0.2934,292.0,0.045,0.045,0.045
MCD260618C00250000,48.34,41.45,43.5,2026-04-27 09:52:43.000000,2026-06-18,250.0,call,80.0,1.0,0.3052,292.0,0.045,0.045,0.045
MCD260618P00250000,0.93,0.78,1.0,2026-04-27 15:22:21.000000,2026-06-18,250.0,put,523.0,23.0,0.273,292.0,0.045,0.045,0.045
MCD260618C00255000,65.9,36.95,39.5,2025-12-22 14:24:43.000000,2026-06-18,255.0,call,17.0,0.0,0.3157,292.0,0.045,0.045,0.045
MCD260618P00255000,1.24,1.25,1.4,2026-04-27 15:43:41.000000,2026-06-18,255.0,put,208.0,17.0,0.2706,292.0,0.045,0.045,0.045
MCD260618C00260000,50.72,32.2,34.9,2026-04-09 11:32:52.000000,2026-06-18,260.0,call,56.0,0.0,0.2965,292.0,0.045,0.045,0.045
MCD260618P00260000,1.7,1.6,1.8,2026-04-27 15:56:11.000000,2026-06-18,260.0,put,616.0,48.0,0.2581,292.0,0.045,0.045,0.045
MCD260618C00265000,41.2,27.65,30.25,2026-04-21 11:10:25.000000,2026-06-18,265.0,call,19.0,0.0,0.2773,292.0,0.045,0.045,0.045
MCD260618P00265000,2.25,2.07,2.44,2026-04-27 15:46:27.000000,2026-06-18,265.0,put,230.0,40.0,0.2484,292.0,0.045,0.045,0.045
MCD260618C00270000,29.69,23.35,25.95,2026-04-27 09:30:11.000000,2026-06-18,270.0,call,182.0,1.0,0.2648,292.0,0.045,0.045,0.045
MCD260618P00270000,3.07,2.96,3.25,2026-04-27 15:58:42.000000,2026-06-18,270.0,put,1047.0,88.0,0.243,292.0,0.045,0.045,0.045
MCD260618C00275000,20.15,19.0,21.15,2026-04-27 15:59:08.000000,2026-06-18,275.0,call,26.0,5.0,0.2389,292.0,0.045,0.045,0.045
MCD260618P00275000,4.17,4.1,4.35,2026-04-27 15:58:42.000000,2026-06-18,275.0,put,470.0,257.0,0.238,292.0,0.045,0.045,0.045
MCD260618C00280000,18.95,15.8,18.15,2026-04-27 12:22:13.000000,2026-06-18,280.0,call,122.0,6.0,0.2485,292.0,0.045,0.045,0.045
MCD260618P00280000,5.55,5.55,5.8,2026-04-27 15:54:53.000000,2026-06-18,280.0,put,1710.0,241.0,0.2334,292.0,0.045,0.045,0.045
MCD260618C00285000,14.2,12.7,14.35,2026-04-27 15:08:22.000000,2026-06-18,285.0,call,34.0,3.0,0.239,292.0,0.045,0.045,0.045
MCD260618P00285000,7.07,7.3,7.8,2026-04-27 15:46:50.000000,2026-06-18,285.0,put,660.0,305.0,0.2312,292.0,0.045,0.045,0.045
MCD260618C00290000,10.2,9.95,10.55,2026-04-27 15:59:50.000000,2026-06-18,290.0,call,141.0,21.0,0.2255,292.0,0.045,0.045,0.045
MCD260618P00290000,9.25,8.95,9.85,2026-04-27 15:46:10.000000,2026-06-18,290.0,put,1823.0,177.0,0.2188,292.0,0.045,0.045,0.045
MCD260618C00295000,7.8,7.7,8.0,2026-04-27 15:55:01.000000,2026-06-18,295.0,call,266.0,34.0,0.2232,292.0,0.045,0.045,0.045
MCD260618P00295000,12.0,12.2,12.5,2026-04-27 15:50:12.000000,2026-06-18,295.0,put,1324.0,123.0,0.2233,292.0,0.045,0.045,0.045
MCD260618C00300000,5.87,5.6,5.95,2026-04-27 15:57:08.000000,2026-06-18,300.0,call,662.0,327.0,0.2187,292.0,0.045,0.045,0.045
MCD260618P00300000,15.15,15.05,15.95,2026-04-27 15:52:04.000000,2026-06-18,300.0,put,1234.0,126.0,0.2222,292.0,0.045,0.045,0.045
MCD260618C00305000,4.29,4.05,4.45,2026-04-27 15:57:08.000000,2026-06-18,305.0,call,659.0,117.0,0.2187,292.0,0.045,0.045,0.045
MCD260618P00305000,17.43,18.2,19.1,2026-04-27 15:01:36.000000,2026-06-18,305.0,put,1174.0,11.0,0.2115,292.0,0.045,0.045,0.045
MCD260618C00310000,3.07,2.86,3.25,2026-04-27 15:48:33.000000,2026-06-18,310.0,call,1277.0,158.0,0.218,292.0,0.045,0.045,0.045
MCD260618P00310000,19.35,21.45,23.2,2026-04-27 12:03:53.000000,2026-06-18,310.0,put,1404.0,25.0,0.2036,292.0,0.045,0.045,0.045
MCD260618C00315000,2.15,2.01,2.31,2026-04-27 15:33:18.000000,2026-06-18,315.0,call,599.0,120.0,0.2183,292.0,0.045,0.045,0.045
MCD260618P00315000,26.1,25.35,27.55,2026-04-27 15:30:02.000000,2026-06-18,315.0,put,342.0,23.0,0.1969,292.0,0.045,0.045,0.045
MCD260618C00320000,1.46,1.38,1.63,2026-04-27 15:35:30.000000,2026-06-18,320.0,call,1419.0,240.0,0.2187,292.0,0.045,0.045,0.045
MCD260618P00320000,29.7,29.6,32.05,2026-04-27 15:19:59.000000,2026-06-18,320.0,put,346.0,1.0,0.193,292.0,0.045,0.045,0.045
MCD260618C00325000,1.08,0.81,1.17,2026-04-27 15:28:45.000000,2026-06-18,325.0,call,720.0,111.0,0.2169,292.0,0.045,0.045,0.045
MCD260618P00325000,34.28,34.0,36.6,2026-04-27 15:19:59.000000,2026-06-18,325.0,put,200.0,3.0,0.1732,292.0,0.045,0.045,0.045
MCD260618C00330000,0.73,0.62,0.87,2026-04-27 15:26:08.000000,2026-06-18,330.0,call,1372.0,310.0,0.2233,292.0,0.045,0.045,0.045
MCD260618P00330000,31.5,39.3,41.55,2026-04-24 11:51:08.000000,2026-06-18,330.0,put,183.0,0.0,0.2072,292.0,0.045,0.045,0.045
MCD260618C00335000,0.53,0.38,0.67,2026-04-27 15:47:18.000000,2026-06-18,335.0,call,1613.0,119.0,0.2263,292.0,0.045,0.045,0.045
MCD260618P00335000,25.3,43.3,46.15,2026-04-17 11:12:18.000000,2026-06-18,335.0,put,163.0,0.0,0.36546692841679496,292.0,0.045,0.045,0.045
MCD260618C00340000,0.4,0.32,0.5,2026-04-27 15:30:12.000000,2026-06-18,340.0,call,2522.0,218.0,0.2335,292.0,0.045,0.045,0.045
MCD260618P00340000,45.55,48.95,50.85,2026-04-27 11:38:00.000000,2026-06-18,340.0,put,34.0,2.0,0.3979958576676585,292.0,0.045,0.045,0.045
MCD260618C00345000,0.31,0.22,0.42,2026-04-27 14:38:43.000000,2026-06-18,345.0,call,886.0,27.0,0.2403,292.0,0.045,0.045,0.045
MCD260618P00345000,40.06,53.1,55.75,2026-04-15 13:58:32.000000,2026-06-18,345.0,put,6.0,0.0,0.4064965903015266,292.0,0.045,0.045,0.045
MCD260618C00350000,0.24,0.2,0.31,2026-04-27 15:59:00.000000,2026-06-18,350.0,call,1073.0,231.0,0.2476,292.0,0.045,0.045,0.045
MCD260618P00350000,44.5,58.0,60.95,2026-04-15 13:57:46.000000,2026-06-18,350.0,put,26.0,0.0,0.43295789203415613,292.0,0.045,0.045,0.045
MCD260618C00355000,0.34,0.0,0.54,2026-04-24 09:43:55.000000,2026-06-18,355.0,call,290.0,0.0,0.2652,292.0,0.045,0.045,0.045
MCD260618P00355000,0.0,62.9,66.15,2026-04-28 13:28:44.165009,2026-06-18,355.0,put,0.0,0.0,0.45882691062335257,292.0,0.045,0.045,0.045
MCD260618C00360000,0.14,0.11,0.48,2026-04-27 14:28:09.000000,2026-06-18,360.0,call,798.0,7.0,0.2846,292.0,0.045,0.045,0.045
MCD260618P00360000,54.62,67.9,71.35,2025-11-05 09:45:14.000000,2026-06-18,360.0,put,0.0,0.0,0.48609949651517714,292.0,0.045,0.045,0.045
MCD260618C00365000,0.17,0.1,0.2,2026-04-23 10:31:13.000000,2026-06-18,365.0,call,315.0,0.0,0.2716,292.0,0.045,0.045,0.045
MCD260618P00365000,0.0,72.9,76.3,2026-04-28 13:28:44.166846,2026-06-18,365.0,put,0.0,0.0,0.507974997314741,292.0,0.045,0.045,0.045
MCD260618C00370000,0.18,0.0,0.44,2026-04-23 13:14:47.000000,2026-06-18,370.0,call,639.0,0.0,0.3009,292.0,0.045,0.045,0.045
MCD260618P00370000,65.46,77.75,81.75,2025-09-17 12:53:06.000000,2026-06-18,370.0,put,0.0,0.0,0.5363091220242237,292.0,0.045,0.045,0.045
MCD260618C00375000,0.08,0.0,0.62,2026-04-23 11:13:01.000000,2026-06-18,375.0,call,122.0,0.0,0.3311,292.0,0.045,0.045,0.045
MCD260618P00375000,44.0,82.8,86.75,2026-02-24 12:56:33.000000,2026-06-18,375.0,put,0.0,0.0,0.5592347812850762,292.0,0.045,0.045,0.045
MCD260618C00380000,0.2,0.0,0.41,2026-04-17 09:48:42.000000,2026-06-18,380.0,call,350.0,0.0,0.3254,292.0,0.045,0.045,0.045
MCD260618P00380000,74.5,87.7,91.7,2025-09-17 12:15:05.000000,2026-06-18,380.0,put,0.0,0.0,0.5776091902816447,292.0,0.045,0.045,0.045
MCD260618C00385000,0.03,0.0,0.4,2026-04-23 10:30:12.000000,2026-06-18,385.0,call,31.0,0.0,0.3376,292.0,0.045,0.045,0.045
MCD260618P00385000,0.0,92.75,96.7,2026-04-28 13:28:44.170683,2026-06-18,385.0,put,0.0,0.0,0.5996258231161069,292.0,0.045,0.045,0.045
MCD260618C00390000,0.16,0.0,0.59,2026-04-13 14:53:21.000000,2026-06-18,390.0,call,191.0,0.0,0.3703,292.0,0.045,0.045,0.045
MCD260618P00390000,76.35,97.65,101.65,2025-05-15 15:21:58.000000,2026-06-18,390.0,put,0.0,0.0,0.6170071884199915,292.0,0.045,0.045,0.045
MCD260618C00395000,0.0,0.0,0.38,2026-04-28 13:28:44.171689,2026-06-18,395.0,call,0.0,0.0,0.361,292.0,0.045,0.045,0.045
MCD260618P00395000,0.0,102.6,106.6,2026-04-28 13:28:44.172736,2026-06-18,395.0,put,0.0,0.0,0.6349785647158459,292.0,0.045,0.045,0.045
MCD260618C00400000,0.09,0.0,0.37,2026-04-06 09:30:03.000000,2026-06-18,400.0,call,59.0,0.0,0.3736,292.0,0.045,0.045,0.045
MCD260618P00400000,110.78,107.6,111.65,2025-06-24 10:03:24.000000,2026-06-18,400.0,put,0.0,0.0,0.6558086043321856,292.0,0.045,0.045,0.045
MCD260618C00405000,0.0,0.0,0.56,2026-04-28 13:28:44.173808,2026-06-18,405.0,call,0.0,0.0,0.4066,292.0,0.045,0.045,0.045
MCD260618P00405000,0.0,112.65,116.55,2026-04-28 13:28:44.174830,2026-06-18,405.0,put,0.0,0.0,0.674093556983756,292.0,0.045,0.045,0.045
MCD260618C00410000,0.35,0.0,0.55,2026-03-02 12:45:32.000000,2026-06-18,410.0,call,23.0,0.0,0.4181,292.0,0.045,0.045,0.045
MCD260618P00410000,120.77,117.55,121.6,2025-06-24 10:03:24.000000,2026-06-18,410.0,put,0.0,0.0,0.6920145296431162,292.0,0.045,0.045,0.045
MCD260618C00420000,0.1,0.0,0.34,2025-12-26 11:37:44.000000,2026-06-18,420.0,call,13.0,0.0,0.4157,292.0,0.045,0.045,0.045
MCD260618P00420000,0.0,127.5,131.55,2026-04-28 13:28:44.176915,2026-06-18,420.0,put,0.0,0.0,0.7268331527635485,292.0,0.045,0.045,0.045
MCD260618C00430000,0.28,0.0,2.13,2025-12-18 13:41:02.000000,2026-06-18,430.0,call,11.0,0.0,0.5751,292.0,0.045,0.045,0.045
MCD260618P00430000,0.0,137.5,141.45,2026-04-28 13:28:44.179028,2026-06-18,430.0,put,0.0,0.0,0.7603806000815221,292.0,0.045,0.045,0.045
MCD260618C00440000,0.06,0.0,2.13,2026-02-05 11:53:32.000000,2026-06-18,440.0,call,22.0,0.0,0.6016,292.0,0.045,0.045,0.045
MCD260618P00440000,0.0,147.5,151.45,2026-04-28 13:28:44.180188,2026-06-18,440.0,put,0.0,0.0,0.7951530424618543,292.0,0.045,0.045,0.045
MCD260618C00450000,0.05,0.0,2.13,2026-02-24 09:38:16.000000,2026-06-18,450.0,call,43.0,0.0,0.6272,292.0,0.045,0.045,0.045
MCD260618P00450000,0.0,157.55,161.45,2026-04-28 13:28:44.181303,2026-06-18,450.0,put,0.0,0.0,0.8301303536173412,292.0,0.045,0.045,0.045
MCD260618C00460000,0.18,0.0,2.13,2025-12-01 14:16:45.000000,2026-06-18,460.0,call,94.0,0.0,0.652,292.0,0.045,0.045,0.045
MCD260618P00460000,0.0,167.55,171.45,2026-04-28 13:28:44.182432,2026-06-18,460.0,put,0.0,0.0,0.8629810941765107,292.0,0.045,0.045,0.045
MCD260618C00470000,0.01,0.0,2.13,2026-03-09 11:49:16.000000,2026-06-18,470.0,call,65.0,0.0,0.676,292.0,0.045,0.045,0.045
MCD260618P00470000,0.0,177.7,181.45,2026-04-28 13:28:44.183546,2026-06-18,470.0,put,0.0,0.0,0.8986443593897571,292.0,0.045,0.045,0.045
