,mean_vol_21d,mean_vol_63d
BTC,0.7277236024417127,0.7472301491541328
SOL,0.5764731425675413,0.5903846644900611
ARKK,0.34728867466121566,0.3531058013126721
BITO,0.5764731425675413,0.5903846644900611
DIA,0.14436120886469264,0.15027031088805826
EEM,0.19075735853687917,0.19508657184811531
EFA,0.15437140451451445,0.15939461290336415
FXI,0.26175530050013185,0.26772990523630497
GDX,0.3463133046855413,0.3531507194276775
GLD,0.13385575984271858,0.1361215490408052
IVV,0.15205260391081224,0.15749185324396336
IWM,0.20357623068522193,0.20835141757814793
QQQ,0.1969807526167416,0.2021020795410251
SLV,0.24569938889406417,0.25072825606967214
SPY,0.15177983982930293,0.15700633713685114
SQQQ,0.7855553393190063,0.9216232828974085
TQQQ,0.6665575196466123,0.7223248194808597
UNG,0.5555440762434829,0.6106203930822256
USO,0.39518036995971245,0.43909255082086557
VXX,0.8147323864438726,0.9471106938061404
XLE,0.25906748126277457,0.2656030149874291
XLF,0.1961641158918048,0.20556925840926976
XLI,0.1705729382104466,0.17572147553597992
XLK,0.2099280485561377,0.21496712758456646
XLP,0.128236772910454,0.13261991705895532
XLU,0.16584207678103222,0.170946482484583
XLV,0.14767221969344127,0.1519835291055149
AAL,0.44459812411287203,0.45497224489032145
AAL.OQ,0.44459812411287203,0.45497224489032145
AAPL,0.29742932279249235,0.32713851792122356
ABBV,0.24000489511328457,0.25137417022134273
ABNB,0.4621300944591866,0.4711533751164055
ABT,0.21691259680998473,0.22418515170100087
ADBE,0.3034639411747274,0.31562094323763296
ADI,0.29341380691646113,0.29825894019949556
ADM,0.2446378152244734,0.2533790240853063
ADP,0.2111972111427163,0.21962333690066926
ADS,0.402363893252739,0.42423929754663514
ADSK,0.335402991613629,0.34857092973583204
AEP,0.19525271835601885,0.19855988003728484
AGN,0.2667178312352315,0.28303415992478953
AHT,0.8892237412441079,1.0289460488835382
AIG,0.2670224527095644,0.2776265246091283
AIR,0.3670995803638047,0.38197244664651103
ALGN,0.4173801531341805,0.43891470813540445
ALL,0.21620416415947544,0.2232408411522243
ALV,0.32111621101010523,0.3330771544477135
ALV.PA,0.32111621101010523,0.3330771544477135
AMAT,0.37692775357903724,0.3846056259800711
AMD,0.5404392853816142,0.555809226850531
AMGN,0.22886876826011734,0.23667394473878187
AMZN,0.3800188621239793,0.4436655806351016
ANSS,0.27055388154655824,0.27967848954165736
ARGX,0.41894233457579033,0.44367888455736365
ASML,0.3437731897267933,0.35026098018110563
ASML.OQ,0.3437731897267933,0.35026098018110563
ATVI,0.29066187383934744,0.3053187363974389
AVGO,0.4093026469873394,0.46185446885538617
AXP,0.26015645514898145,0.26988180308554816
AZN,0.22880619878164876,0.23502840456714383
AZN.N,0.22880619878164876,0.23502840456714383
BA,0.33735081913308557,0.34907703539563645
BA.N,0.33735081913308557,0.34907703539563645
BABA,0.38451388138442083,0.3925106240383082
BAC,0.277967877512552,0.28632025609022554
BAS,1.2109526430886208,1.399178358716173
BBVA,0.33010122942341885,0.33960128259365585
BDX,0.20482040541784535,0.21067189226945002
BHP,0.3161608445050488,0.3227398541453137
BIDU,0.41244142053020516,0.42432398566778834
BIIB,0.33800752474877216,0.36639210509405096
BKNG,0.3121977618988004,0.32347385901206505
BLND,0.8415386139063288,0.8684470791979607
BP,0.27679307916096035,0.28461856205428687
BT,0.29883762351309845,0.3403277251169122
C,0.2857952806088712,0.2941166727889923
CAT,0.2805150674380594,0.28733436748134483
CB,0.2097814748467698,0.22090437959262418
CCL,0.4484275037638871,0.46483678714472526
CDNS,0.2932108760953661,0.30221739851460305
CDW,0.26320548934706045,0.2713058001376965
CERN,0.2218596260435573,0.23078653206008257
CGC,1.1182862618837,1.2512710701289342
CHKP,0.2210846800597709,0.22992166192282903
CHTR,0.2922717741446219,0.30270598857580466
CMCSA,0.25612474802371954,0.27474563768701843
CNA,0.2264117954573549,0.2328336156422872
COST,0.20048136502559893,0.20686525378622622
CPG,0.5531514364144623,0.569092550418612
CPRT,0.29403965242344005,0.33822830255640585
CQQQ,0.3063199180855286,0.313266935304927
CRH,0.2750090534474143,0.28169341335044085
CRON,0.6454565839982099,0.6657047806893555
CRWD,0.5425207546623552,0.5548739443308153
CS,0.36720880279983154,0.3914423432766827
CSCO,0.2234116990112105,0.23327331272017826
CTAS,0.26686052903176555,0.3027544648276201
CTSH,0.2511567342484762,0.2610334678443566
CVS,0.2591683633035933,0.2679428769515854
CVX,0.2529870489883335,0.26131182152613736
DD,0.2766319215651872,0.2850968189742053
DE,0.2738790419468905,0.2826159812350093
DELL,0.42483059108910703,0.4537070617153003
DHR,0.22943788516820368,0.23898538170503056
DIS,0.24727188723789237,0.25630537327379344
DLTR,0.31660992258574455,0.3365155461300993
DOCU,0.524564791457788,0.5505641251849265
DOW,0.3158626099655282,0.3208317275660191
DSM,0.11387422789015929,0.11975239201081948
DTE,0.19275852415863698,0.20091659836047762
DXCM,0.479094442971483,0.5295584754468052
EA,0.2645825121769203,0.27475753479923437
EBAY,0.3065388760172687,0.3312619004685361
EBR,0.5130306175039913,0.5295491023351191
EL,0.29723215023719857,0.30861053310225456
EMR,0.2487724022818716,0.25606360722364707
EXC,0.24764148950108425,0.265080064431112
EZJ,0.36206738825449825,0.3911799807899494
F,0.32894512894737815,0.33913638231361004
FAST,0.2651368350003429,0.2848897051845378
FB,0.3131627251835444,0.3273612407353087
FCA,0.27057252208065297,0.279080802494247
FCX,0.4919275968698992,0.502674858140405
FDX,0.2874403901999091,0.30030248685791544
FER,0.2686696656692535,0.2640005624590803
FISV,0.23387144024847084,0.2417042798604596
FLOW,0.14683563998288426,0.13607408739884227
FLTR,0.022650858677730108,0.0255974469077382
FOX,0.2629748449321928,0.27360161919854853
FRES,1.7911307554736862,2.001346248677319
FTNT,0.40746321423016196,0.4494756227295343
G,0.22714769104161647,0.2382315857551232
GD,0.20292496603928464,0.20815921018131792
GE,0.37574550285350183,0.42715671725848137
GILD,0.23898285413402193,0.24495531555834704
GM,0.3270030359150625,0.3342879589340427
GOOG,0.34994794874263324,0.4161539798363688
GOOGL,0.3501812790225926,0.41619581309093034
GRF,0.2717614223320557,0.2808030096557946
GS,0.26335466304010924,0.2703443985408583
GSK,0.19597177556756631,0.20133275892290148
GSK.N,0.19597177556756631,0.20133275892290148
HAL,0.3937699098056743,0.4054070536553279
HAS,0.2941987577384883,0.30830415039645453
HD,0.2143164721208192,0.22239147855124158
HEI,0.2786526807914156,0.29167500489071185
HL,0.5858595366180869,0.597096942995332
HLT,0.2832621752212523,0.30233488070842235
HON,0.2009283718050774,0.2028334933258642
HPQ,0.32513524247370673,0.34457421774490354
HSIC,0.27095418448900843,0.29100266197536273
IAG,0.575988885772397,0.5874540640130452
IBM,0.21950244174940797,0.22909039484000585
IDXX,0.31453176397322424,0.33399774631628076
ILMN,0.3880375094938353,0.40453363830488454
INCY,0.3460975863381706,0.35432418135715993
INTC,0.33157608352917034,0.341215102488596
INTU,0.2841805724187146,0.2925138487604077
ISP,0.03196095296200776,0.034679153565713196
ISRG,0.3444623497176223,0.3932057203778975
JCI,0.25580337453066765,0.26208018975005914
JD,0.45571784866228554,0.46468527560381345
JD.OQ,0.45571784866228554,0.46468527560381345
JNJ,0.16380779121030276,0.16967407828694703
JPM,0.23904451504129384,0.24664918205813058
K,0.1931232850519914,0.2037973719878295
KDP,0.18641457842012604,0.18936404789057235
KHC,0.23481925019427477,0.25004814307044826
KLAC,0.3575242787710502,0.36574985820383926
KO,0.1583813833280234,0.16356362869638952
KONE,0.9912902789341507,1.097109781339491
KWEB,0.397593061030983,0.4071673098356891
LAND,0.27112495202956377,0.27810187387865754
LIN,0.22300666384242845,0.22991443393820757
LLY,0.25712650823895145,0.2673919052229467
LMT,0.19758635263574004,0.20544358062836562
LOW,0.25457458694244045,0.26704060098295
LRCX,0.4492952828908298,0.49828241448071026
LULU,0.3625867727508072,0.3789179930518923
MA,0.23397111956930156,0.24143872934845442
MAR,0.2840302525396779,0.2909763778921353
MC,0.32848446383180907,0.33721275678257995
MCD,0.1749984345851063,0.18175134954711544
MCHI,0.25593008881515406,0.2616767657633615
MCHP,0.37145925969945476,0.38658161258463036
MDLZ,0.19398744686251304,0.2001786375015079
MDLZ.OQ,0.19398744686251304,0.2001786375015079
MELI,0.445826355947185,0.4593787884823673
MMM,0.22841381189754426,0.23754833969517766
MNST,0.29840555135038005,0.3421260720331015
MO,0.20951972396273316,0.2174706248690936
MRK,0.20381238361016968,0.20990256900043394
MRK.N,0.20381238361016968,0.20990256900043394
MRNA,0.6795162100571894,0.6967110480321889
MRO,0.47508460737591585,0.4912621190259999
MRVL,0.4391825097782549,0.44709377831950387
MS,0.2841556182397507,0.2917314626150155
MSFT,0.244755327610559,0.25078633840694436
MT,0.4693883948266996,0.4946025111270554
MTCH,0.44538242328972333,0.4607443869353652
MU,0.454997717988183,0.4605397735275892
NEE,0.2553285402759411,0.28851613520290165
NFLX,0.4465843402728743,0.49818892148141497
NG,0.4930672662616575,0.5002717367248816
NIO,0.7978766337107259,0.818924449636427
NKE,0.29393838536699896,0.31591331623953833
NN,0.7401389003611746,0.7621552873560046
NOC,0.2205469539977195,0.22738132638499875
NTES,0.4522810008798068,0.4934795192216033
NVDA,0.5577301592937116,0.6368776146831967
NVO,0.2858034642566373,0.30254921155813697
NXPI,0.35207567410988255,0.3610469818858728
NXT,0.5512180454152125,0.5692579025247695
OKTA,0.49862333272642567,0.5155744559516618
OR,0.3454212224661389,0.3538606587632852
ORCL,0.25197852502316864,0.26541512740374085
ORLY,0.2361655984255127,0.2459466197179625
OXY,0.38422545643021055,0.398595492473323
PAYX,0.20963395366117965,0.2171127055080255
PCAR,0.2556268066119138,0.26672859053181347
PDD,0.661572120937804,0.6910281935197871
PEP,0.16341627083078603,0.16884356629745237
PEP.OQ,0.16341627083078603,0.16884356629745237
PFE,0.21388949105707902,0.22122157112255925
PFG,0.3010911480114435,0.31155126226409563
PG,0.1660574308410445,0.17172976751002578
PNC,0.2606277804738289,0.268146432413011
POLY,0.49911681116079304,0.5319960579734486
PRU,0.2760614189422872,0.28646934270134355
PSN,0.29962693602233853,0.3138354304420741
PSX,0.3014304198357336,0.30873117919054566
PTON,0.8220987281414686,0.8386380510160089
PUB,0.31962964834518276,0.3362283475573971
PYPL,0.3481266970458323,0.358593307197301
QCOM,0.33746602106506024,0.35018693117778416
RACE,0.2748216036952953,0.2829533480742598
RACE.N,0.2748216036952953,0.2829533480742598
RAND,0.46215043100359443,0.515986507020579
REE,1.2112794134047897,1.3835862569253958
REGN,0.300095159375132,0.30616683126529454
RIO,0.3087448567093244,0.3149895010448957
ROST,0.29505317051698465,0.3207152683067183
RTX,0.2552100288588542,0.260449346462473
SAN,0.3320165823033209,0.3406474245462716
SAN.PA,0.3320165823033209,0.3406474245462716
SAP,0.24285633371338658,0.2512205930091064
SBUX,0.24628680497520347,0.25676532510885824
SDR,0.5278252161128547,0.5647875098190601
SGEN,0.38744559772517384,0.400226514555935
SHEL,0.23898814075769512,0.24185094103535043
SIRI,0.3611315650469061,0.4146447447066915
SMIN,0.20989685948903875,0.21740215495125342
SMT,1.1493264479808227,1.4454759997945494
SN,0.7454024848538612,0.7684228268298068
SNPS,0.27707969264177285,0.28478872894071866
SNY,0.2301232374515824,0.2383397541423457
SO,0.18560928288443757,0.1916755968661163
SONY,0.38585870319858506,0.4656143460062675
SPLK,0.41092985267909543,0.4295644180202548
STLA,0.38805358568764353,0.40304704819148723
STM,0.39889196270890503,0.40521104897987614
SU,0.32707160633034554,0.33633755192923287
SWKS,0.3675018079514225,0.37593194528544205
SYK,0.2281328859712842,0.23490589627260175
T,0.21550378221822317,0.22409815734125127
TCEHY,0.35728139130182685,0.36569974132215705
TCOM,0.43580276164009646,0.4552806009624122
TEAM,0.47067006855914867,0.48239790655465936
TEF,0.2530801454570919,0.2621742974747352
TEN,0.5164292077583117,0.5467038932921572
TMO,0.23241640223995386,0.23839599430380698
TMUS,0.24071146842826066,0.24748152061012726
TNET,0.35389213263315383,0.38038250737288526
TRN,0.36059347721906476,0.37255511004856934
TRN.MI,0.36059347721906476,0.37255511004856934
TSCO,0.3150085205716088,0.3512701458247681
TSLA,0.5994693159528279,0.6483474291547602
TW,0.28064855304620345,0.2872296099639346
TWTR,0.4875631197673568,0.5161566390890875
TXN,0.2674941322376367,0.2718886190835712
UBER,0.4801524194579135,0.49616630565205017
ULTA,0.3316660759488104,0.34998525855463114
UNH,0.23564197397560416,0.24151541636141816
UNP,0.23405058614528645,0.24100526511183828
UP,1.204674749599171,1.327698025813296
UPS,0.2371679348847842,0.2459324714691432
USB,0.2583344590997597,0.26586455894148125
V,0.21653224273826854,0.2225232043072982
VIE,0.9695145298035882,1.0501878419997275
VIV,0.28230875019899554,0.2847759612914266
VOD,0.2557865665124695,0.26291501034469816
VRSK,0.2042463632495831,0.21335971458462796
VRTX,0.3119196798356871,0.3253065026736308
VZ,0.18568256539525946,0.19105266838647714
WBA,0.31259328647083645,0.3226374751922093
WBA.OQ,0.31259328647083645,0.3226374751922093
WDAY,0.3669738144075338,0.37789222291486774
WFC,0.27902248626154963,0.28663906718312276
WHR,0.33279770337752407,0.34482813774788584
WHR.N,0.33279770337752407,0.34482813774788584
WMT,0.22199718196119633,0.25207588369941336
WPG,0.7280691480321637,0.8072261764722786
WPP,0.3184886895129262,0.33434591767477556
XEL,0.2044739659984829,0.21285227585891806
XEL.OQ,0.2044739659984829,0.21285227585891806
XOM,0.24841865023201196,0.2535056489453688
ZM,0.5098140073866355,0.5271731124483252
ZS,0.5425198372045321,0.5619237273475063
ZTS,0.2390989851706604,0.24783600277169326
